{"type":"FeatureCollection","name":"nepal-national-outline","features":[{"type":"Feature","properties":{"source":"Open Knowledge Nepal LocalBoundaries","license":"CC BY 4.0"},"geometry":{"type":"Polygon","coordinates":[[[80.549616,30.443338],[80.554278,30.446652],[80.561677,30.450064],[80.566973,30.455617],[80.566959,30.458573],[80.567716,30.459629],[80.57751,30.459886],[80.582064,30.463041],[80.585554,30.464308],[80.598313,30.463451],[80.599336,30.464189],[80.600883,30.467115],[80.601692,30.467449],[80.608664,30.467163],[80.61121,30.459311],[80.614803,30.45529],[80.615802,30.45479],[80.619347,30.455432],[80.626795,30.458311],[80.630362,30.453034],[80.634169,30.45251],[80.634264,30.451083],[80.639689,30.446419],[80.644258,30.446371],[80.647018,30.444849],[80.64916,30.442612],[80.655346,30.440661],[80.658725,30.438472],[80.660724,30.438614],[80.661438,30.436949],[80.663246,30.435473],[80.668766,30.432095],[80.670099,30.429525],[80.679093,30.425575],[80.68014,30.42448],[80.680235,30.423529],[80.679188,30.419531],[80.681473,30.41758],[80.688373,30.416438],[80.690419,30.414487],[80.690753,30.411441],[80.692085,30.410204],[80.694084,30.410394],[80.695803,30.408835],[80.696844,30.408687],[80.70193,30.409073],[80.703953,30.410025],[80.705916,30.412791],[80.710526,30.413208],[80.712846,30.411245],[80.717159,30.410501],[80.719598,30.408746],[80.720817,30.406545],[80.725933,30.4025],[80.729532,30.398425],[80.733874,30.396492],[80.736194,30.39667],[80.737771,30.394023],[80.740745,30.391911],[80.746129,30.385189],[80.751542,30.381947],[80.752791,30.375612],[80.761149,30.371746],[80.764007,30.368727],[80.767148,30.368956],[80.768789,30.365708],[80.770852,30.363552],[80.77283,30.362253],[80.774921,30.36206],[80.77879,30.358005],[80.781389,30.351909],[80.788634,30.350025],[80.788998,30.349332],[80.787185,30.345385],[80.787585,30.341608],[80.790561,30.337739],[80.793624,30.335312],[80.801312,30.331943],[80.803748,30.329948],[80.804432,30.327937],[80.804032,30.322296],[80.80555,30.320118],[80.821193,30.318829],[80.823126,30.317142],[80.824673,30.314257],[80.828338,30.311068],[80.833326,30.310916],[80.835667,30.309641],[80.841987,30.310507],[80.847602,30.313771],[80.849182,30.314152],[80.860052,30.310935],[80.866029,30.310297],[80.869484,30.306129],[80.874784,30.303061],[80.875843,30.298624],[80.884207,30.298285],[80.885694,30.297839],[80.8873,30.29628],[80.888841,30.298273],[80.89053,30.298225],[80.895866,30.29957],[80.901678,30.299451],[80.908103,30.300706],[80.910393,30.300402],[80.91138,30.298707],[80.909429,30.295614],[80.910167,30.292967],[80.915306,30.287678],[80.917394,30.284591],[80.922112,30.282271],[80.929143,30.280189],[80.931409,30.27681],[80.933735,30.275043],[80.933789,30.273973],[80.932754,30.272747],[80.927953,30.2701],[80.927632,30.269142],[80.928512,30.267072],[80.928435,30.265787],[80.929601,30.2638],[80.933735,30.262332],[80.937903,30.259449],[80.942065,30.263525],[80.950438,30.266487],[80.957248,30.267422],[80.959576,30.267458],[80.962809,30.266237],[80.964472,30.267215],[80.976615,30.2678],[80.978721,30.267394],[80.984688,30.268728],[80.986023,30.267151],[80.988779,30.265588],[80.994753,30.265452],[81.000072,30.262711],[81.024285,30.246135],[81.029103,30.239825],[81.035799,30.23431],[81.030577,30.233021],[81.028166,30.229409],[81.027544,30.226932],[81.031146,30.225748],[81.031674,30.223693],[81.030731,30.221667],[81.031055,30.219597],[81.035738,30.218569],[81.038624,30.215956],[81.041581,30.215528],[81.044365,30.211744],[81.04615,30.211387],[81.046633,30.210802],[81.047182,30.206884],[81.045043,30.204606],[81.036049,30.201643],[81.035758,30.200726],[81.03699,30.198444],[81.035304,30.197053],[81.041088,30.194286],[81.044219,30.193629],[81.044182,30.190908],[81.045434,30.186868],[81.045078,30.186187],[81.045456,30.184921],[81.04457,30.183275],[81.045702,30.180493],[81.047334,30.179559],[81.050517,30.179325],[81.052292,30.179819],[81.053447,30.178977],[81.054837,30.175807],[81.057886,30.173435],[81.058698,30.169921],[81.060515,30.168566],[81.06332,30.167823],[81.064212,30.165968],[81.064632,30.16182],[81.065711,30.160067],[81.065839,30.158806],[81.067888,30.157454],[81.070986,30.15722],[81.073128,30.156107],[81.079119,30.154912],[81.08065,30.151821],[81.084888,30.148218],[81.083753,30.146141],[81.084306,30.143561],[81.083535,30.141337],[81.083665,30.137575],[81.084575,30.135781],[81.083387,30.134013],[81.083051,30.131694],[81.08043,30.127108],[81.080006,30.124681],[81.081209,30.122982],[81.083643,30.12169],[81.086256,30.116898],[81.086221,30.106738],[81.082959,30.100551],[81.084428,30.099539],[81.088787,30.099002],[81.09639,30.100837],[81.100054,30.100038],[81.103708,30.097152],[81.103932,30.095384],[81.106371,30.091225],[81.109492,30.088759],[81.110466,30.086178],[81.110167,30.084353],[81.107887,30.079286],[81.10809,30.078375],[81.108956,30.077835],[81.102561,30.074833],[81.102594,30.072533],[81.100645,30.064698],[81.097386,30.061739],[81.096118,30.059529],[81.095898,30.057815],[81.092636,30.054242],[81.096859,30.052087],[81.099998,30.04927],[81.100955,30.047712],[81.108386,30.044393],[81.109517,30.04162],[81.109403,30.039601],[81.112498,30.035671],[81.114923,30.034503],[81.119897,30.034248],[81.12149,30.031023],[81.123878,30.028517],[81.125618,30.020316],[81.131166,30.018258],[81.135088,30.016062],[81.144287,30.016661],[81.146628,30.01586],[81.149149,30.012767],[81.150932,30.011628],[81.156688,30.011894],[81.15823,30.012456],[81.160507,30.011314],[81.164864,30.010494],[81.169366,30.012201],[81.172783,30.014479],[81.176298,30.014357],[81.17978,30.015083],[81.182191,30.013991],[81.185761,30.010807],[81.187523,30.01182],[81.189367,30.014646],[81.19216,30.017245],[81.193117,30.019465],[81.194576,30.020411],[81.196565,30.022896],[81.202536,30.021429],[81.205723,30.022033],[81.209466,30.02046],[81.212443,30.015626],[81.215955,30.014045],[81.219296,30.007309],[81.226671,30.008115],[81.229518,30.007497],[81.233463,30.007713],[81.235723,30.009026],[81.237056,30.010524],[81.241525,30.012535],[81.243746,30.012598],[81.246892,30.011097],[81.249455,30.013323],[81.251652,30.016213],[81.252771,30.016644],[81.253433,30.018039],[81.255402,30.019711],[81.255014,30.023652],[81.249151,30.027404],[81.244503,30.029039],[81.23913,30.031803],[81.245103,30.03402],[81.245852,30.035181],[81.250435,30.037279],[81.251766,30.038625],[81.263777,30.039948],[81.264946,30.040674],[81.265738,30.043366],[81.273717,30.045283],[81.273192,30.051496],[81.275959,30.054648],[81.276361,30.059071],[81.280269,30.060691],[81.280079,30.062295],[81.281494,30.066064],[81.287192,30.06842],[81.289234,30.06983],[81.289424,30.072976],[81.291315,30.074361],[81.289496,30.075732],[81.287725,30.078468],[81.290722,30.083322],[81.288907,30.088327],[81.29029,30.090954],[81.290231,30.092923],[81.290964,30.0948],[81.290341,30.098598],[81.287442,30.102714],[81.286966,30.105158],[81.290034,30.106807],[81.290543,30.108435],[81.290339,30.11],[81.292256,30.112552],[81.289175,30.113763],[81.286969,30.115834],[81.285412,30.118357],[81.284286,30.123033],[81.28045,30.124745],[81.274903,30.130871],[81.274138,30.133354],[81.266239,30.136179],[81.26439,30.137649],[81.260396,30.142905],[81.258913,30.143786],[81.258012,30.146569],[81.259849,30.151327],[81.266584,30.152166],[81.268858,30.153352],[81.271945,30.153822],[81.274826,30.15537],[81.275992,30.154603],[81.28864,30.155027],[81.292807,30.15781],[81.305336,30.159374],[81.306188,30.159647],[81.305283,30.163233],[81.306627,30.164295],[81.308263,30.164167],[81.310944,30.16144],[81.311291,30.156816],[81.318528,30.152001],[81.320142,30.151895],[81.323888,30.152978],[81.327816,30.15263],[81.333896,30.153253],[81.334577,30.154365],[81.334797,30.157635],[81.335866,30.160438],[81.344423,30.168173],[81.349099,30.173374],[81.352404,30.178077],[81.358997,30.18054],[81.360801,30.182865],[81.372015,30.18663],[81.372746,30.191153],[81.375014,30.193826],[81.376316,30.196743],[81.377458,30.197491],[81.379465,30.197736],[81.393344,30.205653],[81.396832,30.206657],[81.39822,30.209033],[81.397015,30.214362],[81.398763,30.218617],[81.396132,30.2243],[81.395947,30.226732],[81.393933,30.228329],[81.39265,30.230577],[81.392057,30.233723],[81.39719,30.239922],[81.398203,30.242488],[81.397382,30.246564],[81.393776,30.250569],[81.396483,30.251078],[81.400741,30.255156],[81.403795,30.256615],[81.407155,30.259501],[81.410193,30.2611],[81.412168,30.267953],[81.414621,30.270485],[81.416821,30.274872],[81.417042,30.277756],[81.418381,30.281701],[81.417663,30.283894],[81.417022,30.284166],[81.411592,30.283137],[81.409171,30.283248],[81.405431,30.281501],[81.403611,30.281901],[81.401369,30.281603],[81.401819,30.282346],[81.403835,30.283132],[81.405341,30.285193],[81.403759,30.290122],[81.403693,30.293131],[81.405044,30.293977],[81.410116,30.29428],[81.412098,30.295065],[81.413272,30.297461],[81.41727,30.300579],[81.418715,30.302641],[81.424282,30.304249],[81.425057,30.305144],[81.421943,30.308118],[81.420768,30.311722],[81.416505,30.316463],[81.410874,30.316677],[81.407159,30.316157],[81.402421,30.320991],[81.398178,30.323461],[81.400061,30.326085],[81.400652,30.328864],[81.40251,30.330316],[81.402884,30.331411],[81.407605,30.336676],[81.407404,30.33985],[81.405318,30.34156],[81.404329,30.344116],[81.406,30.349915],[81.407822,30.353211],[81.406682,30.354618],[81.404077,30.355406],[81.401152,30.357695],[81.401612,30.358833],[81.401568,30.364702],[81.397062,30.367989],[81.398403,30.370148],[81.400856,30.371221],[81.404139,30.370405],[81.408639,30.371334],[81.411709,30.370977],[81.4134,30.372093],[81.416143,30.370936],[81.421886,30.370624],[81.423169,30.371637],[81.424133,30.373655],[81.424399,30.376343],[81.426245,30.377569],[81.428055,30.380831],[81.431125,30.383449],[81.430691,30.384393],[81.427885,30.384113],[81.422466,30.38543],[81.422458,30.388324],[81.421991,30.389018],[81.418401,30.38903],[81.416003,30.390666],[81.413709,30.393653],[81.412574,30.393886],[81.411435,30.393233],[81.408507,30.395613],[81.403955,30.395458],[81.402472,30.396266],[81.402234,30.397931],[81.40513,30.401436],[81.40683,30.405516],[81.406578,30.407278],[81.404831,30.408804],[81.404577,30.409984],[81.406065,30.412167],[81.408373,30.414008],[81.40883,30.415468],[81.407834,30.418635],[81.41009,30.421317],[81.41562,30.420361],[81.422924,30.420407],[81.427699,30.420728],[81.429466,30.421967],[81.430769,30.420774],[81.431721,30.418628],[81.434032,30.416841],[81.434244,30.413748],[81.435743,30.412859],[81.437132,30.412854],[81.43812,30.41351],[81.440414,30.418739],[81.446808,30.415959],[81.448937,30.413473],[81.454588,30.41106],[81.457758,30.406567],[81.462834,30.40571],[81.469511,30.403334],[81.473215,30.399258],[81.474595,30.394088],[81.478002,30.388685],[81.483527,30.386204],[81.491257,30.381321],[81.494435,30.381183],[81.497492,30.382592],[81.502651,30.381116],[81.508653,30.380732],[81.51671,30.378812],[81.527657,30.374314],[81.536893,30.371362],[81.541709,30.37115],[81.54833,30.37223],[81.553632,30.369869],[81.556057,30.371746],[81.557446,30.374066],[81.556996,30.375326],[81.552713,30.378378],[81.551617,30.381049],[81.55151,30.384703],[81.552497,30.392314],[81.552585,30.402702],[81.553274,30.404887],[81.555193,30.406695],[81.561267,30.407481],[81.559598,30.41573],[81.559673,30.41953],[81.560819,30.424988],[81.562628,30.428079],[81.566563,30.429875],[81.569643,30.428468],[81.576082,30.426703],[81.57938,30.424665],[81.583265,30.423802],[81.584776,30.422936],[81.589284,30.417814],[81.591089,30.416836],[81.600662,30.414205],[81.604203,30.414128],[81.607495,30.412324],[81.608621,30.412222],[81.613631,30.414366],[81.616191,30.417119],[81.618634,30.42094],[81.621101,30.421932],[81.623763,30.424427],[81.623295,30.427501],[81.62089,30.433305],[81.619374,30.441028],[81.619206,30.443801],[81.619741,30.445954],[81.621965,30.447326],[81.627106,30.445958],[81.635812,30.445149],[81.641022,30.440617],[81.648381,30.439813],[81.65544,30.434891],[81.662766,30.432634],[81.666235,30.430618],[81.669657,30.430219],[81.674145,30.427648],[81.678882,30.42666],[81.683402,30.426643],[81.688475,30.425516],[81.691223,30.425528],[81.69665,30.423849],[81.701808,30.419353],[81.708422,30.41715],[81.712385,30.413813],[81.716191,30.411838],[81.726094,30.411897],[81.728664,30.411363],[81.731078,30.409241],[81.731625,30.404574],[81.731184,30.402237],[81.733521,30.398327],[81.738487,30.396438],[81.741035,30.393482],[81.747551,30.392796],[81.75,30.389773],[81.752954,30.388815],[81.758846,30.388623],[81.764025,30.389128],[81.766279,30.387637],[81.770177,30.386917],[81.775884,30.384391],[81.779997,30.385395],[81.782017,30.385065],[81.784721,30.385469],[81.79257,30.389028],[81.79946,30.386714],[81.805599,30.386286],[81.810831,30.387303],[81.812835,30.384519],[81.817069,30.383628],[81.818669,30.381988],[81.819555,30.379697],[81.821371,30.378274],[81.828224,30.375096],[81.831095,30.375826],[81.833434,30.374961],[81.842394,30.37664],[81.845973,30.374454],[81.851727,30.373172],[81.851729,30.376471],[81.853024,30.377997],[81.855722,30.379393],[81.858352,30.379281],[81.863944,30.377329],[81.869538,30.37736],[81.873037,30.375424],[81.87487,30.372459],[81.879914,30.369525],[81.880614,30.368406],[81.880419,30.365439],[81.884006,30.360832],[81.885932,30.360413],[81.890558,30.360828],[81.893942,30.357494],[81.898276,30.356652],[81.902632,30.354405],[81.90614,30.353307],[81.911246,30.35377],[81.913608,30.351296],[81.916343,30.350018],[81.918237,30.350052],[81.921408,30.351173],[81.925265,30.34899],[81.929116,30.349057],[81.934985,30.347858],[81.941345,30.347589],[81.94689,30.349949],[81.946651,30.35231],[81.947894,30.3571],[81.951186,30.358982],[81.952991,30.35661],[81.955939,30.354446],[81.957455,30.353609],[81.962375,30.353061],[81.96406,30.350818],[81.964404,30.348524],[81.963995,30.346202],[81.963019,30.344845],[81.958523,30.34128],[81.964292,30.339156],[81.971075,30.337863],[81.975197,30.3331],[81.97573,30.331055],[81.976673,30.329873],[81.983913,30.329609],[81.985404,30.327198],[81.988232,30.325925],[81.989316,30.322951],[81.989057,30.321243],[81.990424,30.3208],[81.995624,30.322281],[81.997528,30.320665],[82,30.320711],[82.005085,30.327297],[82.007231,30.329048],[82.010087,30.329926],[82.012378,30.329879],[82.014015,30.329206],[82.014527,30.332569],[82.013399,30.337098],[82.013015,30.341873],[82.013307,30.342701],[82.018163,30.344185],[82.023437,30.344431],[82.023498,30.343602],[82.024609,30.342369],[82.029263,30.340106],[82.032842,30.33757],[82.034389,30.337808],[82.040183,30.340958],[82.043083,30.340985],[82.056895,30.334211],[82.057871,30.33262],[82.058456,30.340139],[82.061071,30.341625],[82.061317,30.344138],[82.062071,30.345286],[82.067205,30.347308],[82.066458,30.349788],[82.066467,30.35208],[82.067561,30.355014],[82.06913,30.356729],[82.071915,30.356233],[82.075289,30.358729],[82.0785,30.35934],[82.083557,30.359905],[82.087478,30.359092],[82.091503,30.355579],[82.091819,30.353894],[82.09383,30.351315],[82.096317,30.349995],[82.099711,30.349468],[82.101683,30.348071],[82.102635,30.349491],[82.106612,30.349662],[82.112638,30.344805],[82.113178,30.343571],[82.112209,30.338807],[82.112698,30.334991],[82.11564,30.329188],[82.118392,30.328472],[82.12058,30.326836],[82.122974,30.321908],[82.119771,30.319639],[82.121894,30.318978],[82.122401,30.316096],[82.124695,30.31014],[82.125911,30.308856],[82.127279,30.305337],[82.13017,30.302287],[82.127332,30.301865],[82.123876,30.298979],[82.12311,30.297711],[82.118277,30.294245],[82.118389,30.292918],[82.119823,30.291273],[82.118264,30.286119],[82.115937,30.284542],[82.115578,30.281004],[82.114307,30.278476],[82.111299,30.277216],[82.112418,30.275539],[82.116122,30.274867],[82.118013,30.272476],[82.119083,30.269319],[82.11731,30.264248],[82.117843,30.263398],[82.118504,30.263563],[82.119958,30.262507],[82.120306,30.259515],[82.118991,30.25763],[82.114103,30.256979],[82.109257,30.255108],[82.10933,30.251798],[82.106524,30.24847],[82.106884,30.244211],[82.100267,30.239348],[82.101659,30.236675],[82.108375,30.23135],[82.110338,30.22848],[82.110552,30.226561],[82.111258,30.226032],[82.114613,30.224858],[82.127833,30.226373],[82.129213,30.225806],[82.130097,30.223536],[82.132589,30.222184],[82.135186,30.219333],[82.135016,30.217111],[82.132905,30.214484],[82.134156,30.212912],[82.13455,30.21085],[82.134694,30.209479],[82.134026,30.207726],[82.141473,30.202627],[82.139964,30.200629],[82.140997,30.198935],[82.151311,30.194467],[82.154066,30.19421],[82.155246,30.191651],[82.157045,30.19063],[82.15851,30.190847],[82.160628,30.189312],[82.164454,30.189357],[82.180552,30.192468],[82.186361,30.190844],[82.189075,30.185045],[82.187371,30.183326],[82.185795,30.180138],[82.186713,30.177576],[82.188369,30.176089],[82.188395,30.172942],[82.187153,30.169426],[82.183327,30.165626],[82.183942,30.160893],[82.195353,30.159822],[82.196661,30.158038],[82.203023,30.156581],[82.207377,30.153902],[82.206679,30.15081],[82.202737,30.145462],[82.199455,30.142664],[82.198779,30.138773],[82.199524,30.137181],[82.200727,30.136292],[82.199013,30.136757],[82.195736,30.135192],[82.188846,30.133786],[82.186961,30.131859],[82.183761,30.131099],[82.181062,30.129192],[82.179189,30.125075],[82.178487,30.121973],[82.176889,30.121451],[82.172704,30.122003],[82.173474,30.117654],[82.178373,30.118061],[82.181147,30.117227],[82.183263,30.114621],[82.188437,30.110959],[82.187265,30.110746],[82.185753,30.109354],[82.183157,30.106164],[82.182381,30.103568],[82.181321,30.102387],[82.18106,30.099917],[82.181875,30.097954],[82.183636,30.096294],[82.178981,30.088956],[82.175821,30.086747],[82.170946,30.086493],[82.167764,30.08144],[82.168102,30.076089],[82.170089,30.074337],[82.170459,30.071986],[82.173789,30.065235],[82.18047,30.067329],[82.184662,30.067334],[82.190357,30.069775],[82.199701,30.068021],[82.20136,30.066833],[82.207673,30.067576],[82.212703,30.066102],[82.216025,30.067752],[82.221969,30.06829],[82.225827,30.066375],[82.230146,30.066093],[82.233117,30.064881],[82.235771,30.069785],[82.240689,30.071935],[82.242217,30.073522],[82.24497,30.075142],[82.248612,30.075218],[82.251587,30.074299],[82.253577,30.072494],[82.254404,30.070835],[82.254547,30.068093],[82.25681,30.069111],[82.258464,30.068045],[82.260634,30.06511],[82.263506,30.064584],[82.267429,30.062214],[82.273601,30.061994],[82.27561,30.06269],[82.280297,30.062836],[82.283215,30.061172],[82.284964,30.059428],[82.284671,30.056187],[82.287273,30.051775],[82.287138,30.047256],[82.289031,30.04618],[82.289662,30.044758],[82.291381,30.04334],[82.298854,30.040474],[82.300409,30.037906],[82.302889,30.039099],[82.307011,30.03745],[82.311838,30.037644],[82.317587,30.040351],[82.320491,30.043498],[82.320426,30.047066],[82.32187,30.049517],[82.327823,30.047982],[82.328892,30.047112],[82.331508,30.047766],[82.336025,30.046922],[82.33978,30.040975],[82.343336,30.039134],[82.345522,30.036834],[82.345993,30.035591],[82.346155,30.030116],[82.34669,30.028886],[82.349631,30.027182],[82.351156,30.024906],[82.353745,30.026219],[82.356424,30.02582],[82.361412,30.021652],[82.361961,30.019369],[82.363921,30.017034],[82.364913,30.010445],[82.370438,30.013832],[82.374605,30.015647],[82.375315,30.015384],[82.377295,30.012407],[82.379765,30.011192],[82.379046,30.014689],[82.377574,30.016989],[82.379546,30.02043],[82.377908,30.023346],[82.377864,30.026434],[82.383174,30.027418],[82.384063,30.02714],[82.385593,30.02326],[82.389121,30.020451],[82.392772,30.023931],[82.394786,30.024611],[82.397408,30.024006],[82.399992,30.022479],[82.401982,30.019692],[82.402822,30.016264],[82.40444,30.014576],[82.405861,30.015558],[82.408377,30.015298],[82.41085,30.010763],[82.416472,30.00861],[82.41886,30.005488],[82.422858,30.00404],[82.423644,30.000012],[82.425604,29.995818],[82.431774,29.991396],[82.432073,29.990563],[82.434062,29.989019],[82.436899,29.989742],[82.438548,29.988102],[82.440499,29.988698],[82.441618,29.986997],[82.445749,29.98554],[82.448803,29.982141],[82.456001,29.979414],[82.45821,29.97692],[82.459259,29.979913],[82.463134,29.980549],[82.465132,29.982067],[82.465753,29.980059],[82.466931,29.978779],[82.478079,29.973652],[82.479266,29.9701],[82.479042,29.969015],[82.475789,29.965272],[82.477916,29.963232],[82.48055,29.961995],[82.481377,29.960477],[82.483045,29.959078],[82.487852,29.957123],[82.490316,29.953299],[82.491647,29.9524],[82.496667,29.950895],[82.501174,29.946031],[82.506108,29.948216],[82.510266,29.948994],[82.516071,29.952181],[82.51885,29.955414],[82.521006,29.956537],[82.523631,29.96105],[82.525155,29.96192],[82.527798,29.967238],[82.529865,29.969857],[82.531657,29.971169],[82.534462,29.970772],[82.537646,29.968442],[82.541915,29.966791],[82.54499,29.964824],[82.551287,29.963229],[82.552482,29.960991],[82.55412,29.959537],[82.556623,29.958382],[82.55901,29.958047],[82.563036,29.955728],[82.565022,29.955219],[82.564505,29.94983],[82.566698,29.946548],[82.56533,29.942649],[82.567455,29.939231],[82.568661,29.934796],[82.568603,29.93247],[82.571996,29.930358],[82.573832,29.926823],[82.578797,29.924637],[82.581597,29.921598],[82.584764,29.921979],[82.586708,29.921301],[82.590132,29.914891],[82.591988,29.908975],[82.596283,29.905527],[82.59781,29.903175],[82.597722,29.900786],[82.598207,29.89981],[82.603422,29.893438],[82.60346,29.89072],[82.604326,29.889058],[82.610545,29.884482],[82.621613,29.879291],[82.632615,29.877707],[82.636546,29.876316],[82.640952,29.874018],[82.644236,29.870522],[82.644751,29.867307],[82.642462,29.862926],[82.635504,29.858979],[82.633398,29.856765],[82.632836,29.854114],[82.633857,29.850976],[82.633669,29.849623],[82.631821,29.848505],[82.629436,29.84894],[82.62444,29.84779],[82.622261,29.845036],[82.620877,29.842024],[82.621572,29.838698],[82.622915,29.837286],[82.641654,29.833874],[82.644372,29.835334],[82.648354,29.836185],[82.6505,29.838279],[82.657691,29.838344],[82.658831,29.839248],[82.659868,29.841242],[82.66259,29.842295],[82.664502,29.842518],[82.667935,29.841034],[82.669202,29.842912],[82.671894,29.843966],[82.674716,29.844148],[82.678005,29.843303],[82.686361,29.847155],[82.686838,29.84951],[82.688405,29.85209],[82.690328,29.852533],[82.692569,29.854022],[82.696049,29.853668],[82.697816,29.855088],[82.699152,29.855345],[82.702498,29.853114],[82.704433,29.849653],[82.705851,29.845289],[82.712542,29.838822],[82.716772,29.837903],[82.721366,29.839014],[82.724112,29.838774],[82.726045,29.837846],[82.728563,29.835308],[82.729023,29.830436],[82.732489,29.821382],[82.735297,29.816893],[82.736634,29.81567],[82.739287,29.814498],[82.739093,29.813533],[82.733081,29.809133],[82.731075,29.808627],[82.731765,29.806971],[82.73087,29.803704],[82.73007,29.80294],[82.721929,29.800223],[82.717974,29.797918],[82.714976,29.794386],[82.712211,29.792778],[82.707187,29.792569],[82.702717,29.794823],[82.696064,29.791167],[82.698021,29.784219],[82.69803,29.781635],[82.696367,29.779584],[82.688448,29.773465],[82.691141,29.77012],[82.691155,29.767037],[82.692033,29.763123],[82.695208,29.761181],[82.699673,29.761658],[82.702919,29.763321],[82.709204,29.765139],[82.713015,29.768936],[82.717573,29.768548],[82.720964,29.766131],[82.725768,29.770519],[82.729766,29.769216],[82.731502,29.770098],[82.735085,29.770706],[82.740527,29.768741],[82.746701,29.769481],[82.749908,29.766268],[82.754164,29.765566],[82.755581,29.764009],[82.75903,29.762091],[82.760518,29.760097],[82.760955,29.755358],[82.762358,29.753556],[82.763904,29.749925],[82.763418,29.747491],[82.768697,29.742445],[82.768818,29.736517],[82.768216,29.733784],[82.766721,29.731934],[82.76489,29.731173],[82.77188,29.72854],[82.776807,29.727458],[82.780884,29.725123],[82.784039,29.725603],[82.791156,29.722407],[82.794826,29.720106],[82.799594,29.71903],[82.80909,29.721584],[82.81868,29.721841],[82.81986,29.721125],[82.823189,29.716125],[82.823353,29.713812],[82.82226,29.710771],[82.816931,29.705588],[82.816957,29.704738],[82.820051,29.696875],[82.828419,29.689874],[82.835249,29.689293],[82.836986,29.68969],[82.84061,29.691779],[82.84625,29.689933],[82.848582,29.689983],[82.851543,29.687751],[82.85837,29.68652],[82.859859,29.68462],[82.862658,29.684558],[82.870284,29.686259],[82.878819,29.691966],[82.883421,29.691569],[82.88817,29.692741],[82.889444,29.694829],[82.889866,29.699676],[82.892917,29.701402],[82.900989,29.702626],[82.90488,29.701048],[82.910282,29.700387],[82.913252,29.702071],[82.91702,29.70641],[82.92154,29.706028],[82.924797,29.703018],[82.928744,29.700621],[82.931277,29.702464],[82.935835,29.704151],[82.937454,29.705457],[82.937851,29.70313],[82.942216,29.698606],[82.944482,29.695349],[82.948902,29.693027],[82.950427,29.691573],[82.949868,29.687861],[82.946959,29.685014],[82.946331,29.681057],[82.943952,29.675394],[82.942931,29.674114],[82.948815,29.673227],[82.949306,29.668923],[82.95343,29.665599],[82.955642,29.664673],[82.95769,29.662637],[82.95915,29.662258],[82.96702,29.662475],[82.972249,29.664156],[82.972659,29.665977],[82.975109,29.667092],[82.982991,29.667297],[82.987015,29.668436],[82.98834,29.668168],[82.993651,29.663357],[82.998095,29.664848],[83.002528,29.664568],[83.003976,29.6656],[83.004986,29.667586],[83.010593,29.672554],[83.012902,29.667474],[83.015773,29.664937],[83.016073,29.660424],[83.02084,29.65909],[83.02305,29.657733],[83.022493,29.653752],[83.023046,29.650666],[83.025556,29.650192],[83.035472,29.654201],[83.040443,29.647935],[83.040828,29.644067],[83.041857,29.643122],[83.043611,29.637911],[83.044247,29.632718],[83.045366,29.630827],[83.051908,29.629997],[83.056598,29.626721],[83.064116,29.627447],[83.06746,29.626058],[83.068299,29.61855],[83.067397,29.616525],[83.070295,29.613523],[83.071356,29.609912],[83.083618,29.606691],[83.085753,29.6038],[83.087698,29.602737],[83.089837,29.603395],[83.091112,29.604606],[83.09431,29.605399],[83.091522,29.608432],[83.091683,29.611512],[83.09217,29.61198],[83.097261,29.612665],[83.103133,29.614299],[83.104285,29.616436],[83.107422,29.618377],[83.110584,29.616862],[83.113168,29.616893],[83.116028,29.616098],[83.118511,29.616414],[83.118851,29.62476],[83.11997,29.626642],[83.12236,29.628566],[83.125071,29.626897],[83.127588,29.623282],[83.131815,29.620093],[83.133542,29.617871],[83.135379,29.620475],[83.137721,29.622473],[83.144049,29.624826],[83.147029,29.622554],[83.152082,29.623822],[83.165052,29.617794],[83.167163,29.615962],[83.16566,29.612871],[83.166008,29.610949],[83.165529,29.609056],[83.163805,29.606965],[83.161874,29.603005],[83.16221,29.601541],[83.160952,29.598107],[83.16109,29.59638],[83.162694,29.596257],[83.166018,29.594311],[83.168526,29.595617],[83.170171,29.595736],[83.177382,29.592266],[83.179716,29.592202],[83.182018,29.592971],[83.189341,29.596459],[83.190442,29.597451],[83.190809,29.600814],[83.189862,29.602198],[83.190099,29.603109],[83.188266,29.605924],[83.189724,29.60827],[83.190518,29.608676],[83.193094,29.608207],[83.195428,29.610055],[83.198845,29.611122],[83.200875,29.606226],[83.207153,29.607529],[83.214677,29.605729],[83.220149,29.605468],[83.219712,29.603516],[83.220109,29.601163],[83.21833,29.597781],[83.218771,29.594524],[83.21652,29.589259],[83.231508,29.58144],[83.232968,29.580402],[83.234046,29.577841],[83.241253,29.577519],[83.244369,29.578209],[83.249061,29.576657],[83.253122,29.577544],[83.263218,29.577584],[83.26351,29.573641],[83.268261,29.570947],[83.271485,29.568276],[83.275061,29.568024],[83.279954,29.568926],[83.286042,29.562855],[83.284806,29.561188],[83.28417,29.557548],[83.280851,29.557882],[83.275988,29.554454],[83.270839,29.556617],[83.269155,29.556684],[83.267343,29.555205],[83.265977,29.554952],[83.263456,29.556497],[83.260959,29.557198],[83.258627,29.557503],[83.257404,29.556761],[83.257659,29.555152],[83.260861,29.551033],[83.256248,29.544616],[83.258309,29.541082],[83.257917,29.539246],[83.262743,29.536784],[83.265878,29.53294],[83.267041,29.528721],[83.267087,29.526089],[83.270814,29.522099],[83.270031,29.51932],[83.270999,29.516957],[83.268687,29.513402],[83.270388,29.511091],[83.270472,29.509128],[83.26948,29.507422],[83.27164,29.508045],[83.273616,29.507824],[83.275045,29.506553],[83.277275,29.502631],[83.279843,29.501609],[83.284126,29.4987],[83.289653,29.500789],[83.292748,29.502633],[83.294068,29.502775],[83.295511,29.504373],[83.304373,29.499682],[83.306471,29.50127],[83.311416,29.502706],[83.312772,29.504019],[83.314075,29.506917],[83.317804,29.508917],[83.322458,29.504515],[83.327928,29.503289],[83.331312,29.503583],[83.334132,29.499972],[83.34535,29.495397],[83.349193,29.492546],[83.349303,29.491992],[83.347476,29.48922],[83.348801,29.487717],[83.349969,29.484734],[83.349297,29.481002],[83.349721,29.478543],[83.348431,29.47691],[83.344105,29.47501],[83.345538,29.473178],[83.346113,29.468421],[83.344406,29.465807],[83.34884,29.462601],[83.351216,29.459716],[83.35361,29.458814],[83.355848,29.451379],[83.358755,29.450653],[83.364007,29.451801],[83.368264,29.450024],[83.367597,29.44797],[83.36516,29.446199],[83.366469,29.439724],[83.372773,29.434345],[83.373474,29.428517],[83.379177,29.427314],[83.382177,29.423545],[83.383191,29.423153],[83.387754,29.423225],[83.389708,29.422402],[83.393089,29.422828],[83.398854,29.421451],[83.40672,29.422386],[83.410015,29.422137],[83.411983,29.42139],[83.41532,29.421763],[83.416887,29.419826],[83.418028,29.410374],[83.422771,29.405301],[83.426811,29.40397],[83.42827,29.402404],[83.422513,29.397432],[83.423361,29.391667],[83.425637,29.387075],[83.42473,29.384637],[83.422564,29.383028],[83.413866,29.380265],[83.41583,29.377443],[83.41753,29.376022],[83.417211,29.371022],[83.415241,29.36686],[83.418907,29.364864],[83.419379,29.364074],[83.418941,29.361454],[83.417217,29.359262],[83.418469,29.356755],[83.419998,29.356193],[83.425099,29.356585],[83.429182,29.352675],[83.431177,29.349616],[83.438963,29.350454],[83.440021,29.350102],[83.44248,29.347811],[83.446958,29.340383],[83.446605,29.338769],[83.444493,29.335679],[83.4479,29.330917],[83.448604,29.329068],[83.44654,29.325621],[83.445209,29.320615],[83.441441,29.316883],[83.441176,29.315547],[83.442022,29.31264],[83.440245,29.309087],[83.441988,29.307865],[83.446296,29.306454],[83.446552,29.303757],[83.445511,29.301015],[83.445607,29.299892],[83.450409,29.29925],[83.453467,29.297503],[83.452503,29.294364],[83.452779,29.293532],[83.456424,29.292013],[83.45794,29.290591],[83.456749,29.287622],[83.45695,29.286513],[83.462037,29.286123],[83.462456,29.284009],[83.464229,29.282455],[83.464591,29.276769],[83.467288,29.274518],[83.470265,29.273525],[83.473611,29.274159],[83.475781,29.277515],[83.480848,29.281],[83.489286,29.280133],[83.489846,29.279711],[83.489089,29.277249],[83.489351,29.276138],[83.494033,29.275204],[83.495534,29.273768],[83.49522,29.26997],[83.493065,29.266551],[83.493616,29.264793],[83.496101,29.262687],[83.498771,29.262721],[83.502265,29.260242],[83.504803,29.259457],[83.505529,29.258573],[83.506255,29.255539],[83.510494,29.256956],[83.514118,29.255555],[83.516881,29.255795],[83.516207,29.253834],[83.516371,29.25258],[83.518138,29.24805],[83.519288,29.246374],[83.521586,29.245033],[83.519731,29.241435],[83.519841,29.240549],[83.524448,29.239207],[83.52486,29.238229],[83.523528,29.235324],[83.518538,29.231367],[83.517208,29.227978],[83.519218,29.227604],[83.520234,29.226629],[83.519615,29.2214],[83.520961,29.218458],[83.522306,29.217114],[83.525189,29.216641],[83.532522,29.21334],[83.532886,29.212524],[83.532145,29.209585],[83.532991,29.208241],[83.536287,29.206468],[83.53811,29.203792],[83.54118,29.20265],[83.549873,29.201425],[83.552654,29.200087],[83.554452,29.200093],[83.55576,29.201111],[83.557566,29.203973],[83.56217,29.204437],[83.565267,29.206035],[83.567427,29.204235],[83.574128,29.202483],[83.574325,29.199156],[83.571507,29.196706],[83.571357,29.193424],[83.572091,29.19193],[83.572019,29.190432],[83.577651,29.188124],[83.578971,29.184604],[83.57813,29.180146],[83.580609,29.17876],[83.592239,29.174144],[83.598212,29.1749],[83.60648,29.178056],[83.609558,29.181013],[83.612275,29.180721],[83.616477,29.174757],[83.616791,29.171304],[83.624878,29.168266],[83.625959,29.166701],[83.628751,29.165454],[83.62902,29.163601],[83.632905,29.159652],[83.635454,29.158414],[83.640739,29.160639],[83.642661,29.160633],[83.646455,29.16374],[83.645706,29.166087],[83.646031,29.166986],[83.648196,29.168778],[83.651693,29.168406],[83.654399,29.17151],[83.656973,29.172737],[83.657805,29.175043],[83.660627,29.176719],[83.66533,29.182822],[83.665641,29.184021],[83.662145,29.185763],[83.660192,29.187416],[83.659852,29.19271],[83.660583,29.196017],[83.659833,29.198456],[83.65803,29.19996],[83.657965,29.203922],[83.662611,29.203967],[83.670016,29.207176],[83.672575,29.206986],[83.677095,29.207676],[83.686305,29.213062],[83.690932,29.217208],[83.698761,29.226288],[83.702951,29.234622],[83.704877,29.236181],[83.709342,29.23779],[83.712409,29.242033],[83.713347,29.244535],[83.719042,29.243408],[83.723925,29.241518],[83.729402,29.243048],[83.732686,29.244864],[83.740218,29.244037],[83.742715,29.245411],[83.748465,29.243374],[83.751577,29.24404],[83.75388,29.243609],[83.756186,29.242307],[83.758825,29.242506],[83.764171,29.239935],[83.769674,29.240781],[83.772632,29.243708],[83.773213,29.246772],[83.775185,29.246534],[83.77877,29.247707],[83.780164,29.247565],[83.782157,29.244527],[83.783467,29.244344],[83.79263,29.247397],[83.794207,29.248929],[83.799382,29.250006],[83.799275,29.253458],[83.802859,29.254963],[83.804378,29.25631],[83.804134,29.25721],[83.802368,29.258886],[83.800652,29.265315],[83.797395,29.271814],[83.795951,29.27342],[83.796598,29.277362],[83.798971,29.279768],[83.799441,29.281784],[83.803997,29.281772],[83.806078,29.28409],[83.809945,29.285828],[83.813,29.29078],[83.810052,29.294624],[83.814682,29.298574],[83.81433,29.301033],[83.814716,29.301924],[83.819319,29.302722],[83.825222,29.30275],[83.828098,29.299709],[83.831245,29.298285],[83.83306,29.298359],[83.83712,29.30085],[83.841069,29.2981],[83.846138,29.298939],[83.850181,29.297558],[83.856255,29.301594],[83.857745,29.30865],[83.8588,29.309824],[83.866225,29.31181],[83.872612,29.312326],[83.875642,29.314337],[83.882237,29.316082],[83.886936,29.319181],[83.8895,29.320088],[83.900132,29.318781],[83.902902,29.323505],[83.906877,29.325698],[83.913808,29.323102],[83.917139,29.322597],[83.921906,29.323236],[83.929588,29.318432],[83.935725,29.319694],[83.942607,29.316474],[83.945066,29.31622],[83.950597,29.317021],[83.95301,29.320399],[83.955634,29.322822],[83.957173,29.325519],[83.95966,29.326954],[83.963205,29.330477],[83.964775,29.331269],[83.977961,29.328603],[83.989006,29.322764],[83.990539,29.320842],[83.994347,29.320093],[83.997229,29.316757],[84.001165,29.314842],[84.003074,29.31194],[84.003212,29.309366],[84.001365,29.306265],[83.99775,29.304207],[83.994856,29.303309],[83.991744,29.303253],[83.991135,29.302567],[83.989888,29.300444],[83.991952,29.298389],[83.998566,29.296577],[84,29.295834],[84,29.295069],[84.000633,29.294817],[84.006447,29.295858],[84.012489,29.294405],[84.014458,29.293085],[84.016426,29.290049],[84.017723,29.289015],[84.022675,29.289497],[84.025375,29.289145],[84.027283,29.287792],[84.028519,29.285557],[84.031853,29.292818],[84.04081,29.297955],[84.044495,29.300777],[84.047081,29.300507],[84.054977,29.297487],[84.055229,29.293962],[84.057259,29.292547],[84.058556,29.290298],[84.062149,29.289551],[84.065422,29.289726],[84.071236,29.285198],[84.073769,29.285257],[84.082687,29.288425],[84.087914,29.294521],[84.092331,29.294073],[84.102379,29.290134],[84.104393,29.286947],[84.110741,29.285027],[84.116684,29.280207],[84.119492,29.279203],[84.122437,29.27952],[84.119942,29.277876],[84.119659,29.276737],[84.121506,29.274607],[84.123985,29.273502],[84.123787,29.270287],[84.120789,29.265087],[84.114502,29.26297],[84.115082,29.262262],[84.115005,29.26063],[84.116997,29.25856],[84.113953,29.253714],[84.114052,29.253054],[84.115768,29.251801],[84.114456,29.248074],[84.118462,29.244122],[84.12159,29.245281],[84.126213,29.24365],[84.130135,29.243086],[84.134796,29.241167],[84.143311,29.236147],[84.153389,29.240683],[84.159538,29.24168],[84.169876,29.240971],[84.174049,29.23996],[84.175491,29.23868],[84.181488,29.237705],[84.183357,29.240374],[84.18499,29.241512],[84.190369,29.243324],[84.194771,29.244129],[84.196884,29.243816],[84.197525,29.243486],[84.197983,29.241997],[84.202805,29.240307],[84.203568,29.238293],[84.205078,29.23657],[84.201103,29.230925],[84.200211,29.228085],[84.199959,29.225336],[84.200607,29.223267],[84.199738,29.22069],[84.20118,29.2187],[84.201866,29.213879],[84.196976,29.211721],[84.190453,29.205715],[84.188469,29.205853],[84.183342,29.207792],[84.179657,29.206736],[84.179161,29.205111],[84.175194,29.201014],[84.17067,29.199821],[84.166466,29.194796],[84.16597,29.194027],[84.168945,29.19026],[84.167793,29.188004],[84.164413,29.1852],[84.167206,29.179201],[84.169159,29.177401],[84.169044,29.173994],[84.171387,29.172077],[84.16938,29.166237],[84.168068,29.164072],[84.169739,29.157356],[84.17292,29.154257],[84.175522,29.149746],[84.176132,29.144173],[84.17495,29.140575],[84.176476,29.136456],[84.176048,29.133902],[84.176933,29.130806],[84.179268,29.129272],[84.18866,29.12628],[84.194046,29.125189],[84.202721,29.124355],[84.203094,29.123917],[84.202042,29.11264],[84.203491,29.108015],[84.203842,29.10372],[84.201508,29.101538],[84.200256,29.099489],[84.198143,29.099047],[84.197342,29.096533],[84.198189,29.094364],[84.197945,29.092934],[84.192879,29.084641],[84.188263,29.080683],[84.190002,29.077719],[84.1884,29.073755],[84.188644,29.068201],[84.190392,29.066092],[84.190849,29.064659],[84.190575,29.057116],[84.191948,29.050592],[84.191811,29.046877],[84.19857,29.046499],[84.203697,29.049665],[84.20974,29.052055],[84.211151,29.0536],[84.223701,29.053406],[84.229218,29.051308],[84.234718,29.046654],[84.238098,29.044519],[84.240051,29.044209],[84.242149,29.044842],[84.244423,29.044199],[84.25,29.037193],[84.25,29.032587],[84.248779,29.029121],[84.25,29.027687],[84.25,29.012592],[84.245949,29.009024],[84.244873,29.00684],[84.243454,29.001154],[84.24163,28.997316],[84.243202,28.992194],[84.240412,28.987624],[84.241413,28.98468],[84.240764,28.981879],[84.243511,28.977649],[84.243939,28.976051],[84.241171,28.971366],[84.241465,28.968969],[84.240467,28.968348],[84.237544,28.968333],[84.236797,28.965726],[84.237435,28.964148],[84.234363,28.961311],[84.233606,28.9596],[84.232882,28.957343],[84.233284,28.953974],[84.231474,28.946598],[84.229351,28.942182],[84.227734,28.941679],[84.228161,28.939905],[84.227063,28.933599],[84.227217,28.928051],[84.226736,28.925852],[84.224706,28.923342],[84.225164,28.920208],[84.222609,28.915558],[84.223033,28.912033],[84.227595,28.90346],[84.227733,28.901104],[84.226851,28.89729],[84.228038,28.893909],[84.23059,28.892377],[84.237217,28.892386],[84.24041,28.891018],[84.243918,28.891226],[84.247411,28.890362],[84.255957,28.890163],[84.256934,28.890653],[84.260391,28.895468],[84.265384,28.897545],[84.267697,28.897685],[84.268822,28.897076],[84.270819,28.894419],[84.274231,28.892686],[84.274748,28.889468],[84.276159,28.886617],[84.280775,28.885437],[84.286105,28.882588],[84.288319,28.880918],[84.289221,28.877514],[84.289954,28.876856],[84.294659,28.874317],[84.300155,28.872721],[84.301437,28.871885],[84.306701,28.871052],[84.310812,28.869294],[84.313129,28.869003],[84.317761,28.869711],[84.322985,28.867355],[84.325761,28.86259],[84.329292,28.862406],[84.331375,28.863666],[84.335453,28.86459],[84.336922,28.86583],[84.337263,28.868471],[84.342852,28.872353],[84.345283,28.87287],[84.34671,28.872013],[84.34964,28.868274],[84.356739,28.86285],[84.359156,28.859277],[84.362992,28.859472],[84.367524,28.861608],[84.371368,28.860765],[84.377406,28.864315],[84.381249,28.863257],[84.384565,28.861603],[84.394433,28.860372],[84.399388,28.858465],[84.406108,28.85421],[84.411103,28.853475],[84.411578,28.852745],[84.410967,28.850209],[84.411268,28.846661],[84.409829,28.842862],[84.408475,28.84153],[84.404683,28.840299],[84.401495,28.837213],[84.402589,28.834784],[84.402776,28.830148],[84.406101,28.829799],[84.407947,28.828663],[84.410578,28.828615],[84.413703,28.829262],[84.418059,28.831211],[84.421043,28.831479],[84.422628,28.830807],[84.426472,28.82614],[84.429648,28.823468],[84.43748,28.82079],[84.431776,28.813212],[84.433414,28.807],[84.433392,28.804523],[84.434213,28.801353],[84.435718,28.799706],[84.441011,28.795946],[84.447452,28.793253],[84.446341,28.789835],[84.446105,28.786546],[84.448156,28.783126],[84.446774,28.780644],[84.441949,28.776353],[84.439647,28.772681],[84.4387,28.769363],[84.44376,28.767188],[84.454067,28.764676],[84.455976,28.760929],[84.459763,28.757474],[84.46031,28.754358],[84.46257,28.751203],[84.466568,28.751921],[84.468422,28.751668],[84.475252,28.748695],[84.477785,28.746853],[84.482466,28.747041],[84.48419,28.745201],[84.485501,28.741378],[84.488672,28.73984],[84.491712,28.735297],[84.494043,28.734629],[84.496483,28.735649],[84.499616,28.740567],[84.502057,28.74274],[84.504441,28.744155],[84.512335,28.745174],[84.516891,28.748469],[84.526043,28.743576],[84.527068,28.742094],[84.531114,28.742852],[84.533558,28.744508],[84.53587,28.74527],[84.542576,28.744129],[84.547973,28.746271],[84.553694,28.750434],[84.556872,28.750782],[84.558885,28.752062],[84.559422,28.746858],[84.561284,28.745185],[84.569524,28.74139],[84.571731,28.738874],[84.573852,28.73507],[84.588985,28.734475],[84.594548,28.736492],[84.599589,28.735595],[84.602599,28.734106],[84.607952,28.733326],[84.617535,28.736579],[84.619946,28.735726],[84.62852,28.736372],[84.631595,28.732566],[84.634902,28.731794],[84.641195,28.728708],[84.643536,28.726242],[84.645731,28.725133],[84.646652,28.71984],[84.649916,28.718588],[84.652928,28.714317],[84.652145,28.707419],[84.652815,28.702299],[84.656056,28.700619],[84.66063,28.700202],[84.663697,28.698657],[84.666495,28.694625],[84.668692,28.694134],[84.671079,28.689883],[84.669909,28.686333],[84.670531,28.683291],[84.678233,28.678928],[84.683544,28.678249],[84.68861,28.678961],[84.6904,28.678711],[84.693833,28.676771],[84.69526,28.674652],[84.698628,28.671681],[84.703261,28.671676],[84.707144,28.670983],[84.703645,28.665045],[84.702767,28.65899],[84.699421,28.653376],[84.700939,28.650483],[84.703727,28.648185],[84.703954,28.647275],[84.703119,28.644583],[84.700467,28.640872],[84.700282,28.639429],[84.696973,28.636322],[84.702992,28.63435],[84.715982,28.632859],[84.718031,28.630822],[84.722202,28.628894],[84.723787,28.62734],[84.724924,28.625772],[84.725277,28.62335],[84.727379,28.620505],[84.733116,28.620079],[84.73505,28.61837],[84.738989,28.616767],[84.743735,28.616673],[84.747015,28.618183],[84.749078,28.618189],[84.757509,28.613443],[84.761309,28.613399],[84.763257,28.61242],[84.766008,28.612599],[84.767664,28.611231],[84.76995,28.610397],[84.772829,28.609984],[84.775167,28.610368],[84.782891,28.609373],[84.839323,28.58072],[84.8406,28.579248],[84.841444,28.579636],[84.859291,28.570475],[84.859562,28.572449],[84.863763,28.57714],[84.866197,28.578246],[84.867483,28.58027],[84.869266,28.581506],[84.871416,28.582359],[84.872889,28.581382],[84.877532,28.58058],[84.881726,28.582369],[84.888275,28.582529],[84.892498,28.588566],[84.894326,28.58935],[84.901372,28.589779],[84.903184,28.593147],[84.905807,28.590991],[84.907578,28.588669],[84.909187,28.58804],[84.91261,28.588486],[84.914964,28.589544],[84.919947,28.592933],[84.920558,28.594609],[84.921891,28.595128],[84.934231,28.59365],[84.938089,28.59414],[84.941019,28.595568],[84.947116,28.594688],[84.947888,28.594184],[84.949676,28.590127],[84.949242,28.587867],[84.951103,28.580048],[84.966997,28.586659],[84.970131,28.586054],[84.974141,28.586621],[84.974882,28.588236],[84.976762,28.589571],[84.982821,28.590127],[84.985628,28.591271],[84.990653,28.594632],[84.995071,28.599678],[84.995035,28.60086],[84.990204,28.6031],[84.98831,28.604979],[84.988182,28.606756],[84.991058,28.612774],[84.993095,28.614887],[84.995118,28.615679],[84.996663,28.617901],[85.002439,28.622745],[85.003392,28.625477],[85.005115,28.627402],[85.005841,28.629799],[85.007332,28.630172],[85.011147,28.636959],[85.013365,28.637035],[85.015073,28.638136],[85.019354,28.639322],[85.025236,28.648809],[85.028484,28.650538],[85.033103,28.655969],[85.034987,28.656766],[85.042571,28.65787],[85.043818,28.666776],[85.043419,28.668311],[85.046217,28.669171],[85.051536,28.669234],[85.054273,28.669921],[85.054779,28.672414],[85.056772,28.676902],[85.055944,28.680285],[85.060828,28.682302],[85.062462,28.681755],[85.064014,28.680339],[85.070732,28.679508],[85.073531,28.678394],[85.082661,28.671416],[85.086175,28.67083],[85.091046,28.671511],[85.093299,28.67429],[85.094303,28.676488],[85.09669,28.678208],[85.104124,28.681667],[85.112816,28.68329],[85.115562,28.685833],[85.117149,28.686598],[85.128155,28.679831],[85.131348,28.678738],[85.134654,28.675795],[85.13666,28.671424],[85.136685,28.667652],[85.137291,28.66644],[85.142052,28.665541],[85.145033,28.662556],[85.14791,28.66086],[85.14723,28.658138],[85.147388,28.656384],[85.151492,28.653168],[85.154483,28.649858],[85.156614,28.648622],[85.159452,28.64465],[85.159432,28.642839],[85.161338,28.643276],[85.165588,28.642648],[85.169504,28.643925],[85.173322,28.643497],[85.180944,28.64494],[85.181828,28.644051],[85.183424,28.644328],[85.185307,28.642685],[85.190078,28.64161],[85.190739,28.640699],[85.187063,28.63213],[85.189048,28.630754],[85.193527,28.630668],[85.199906,28.627038],[85.200269,28.62657],[85.199584,28.620702],[85.197298,28.618064],[85.196653,28.614598],[85.195461,28.612114],[85.19394,28.61136],[85.191961,28.609081],[85.191216,28.604862],[85.186123,28.602933],[85.180856,28.598835],[85.175913,28.59731],[85.177478,28.592027],[85.180696,28.59042],[85.183594,28.58732],[85.184818,28.583257],[85.183615,28.580992],[85.183781,28.57882],[85.186657,28.574919],[85.191456,28.571929],[85.191896,28.570634],[85.193808,28.568878],[85.193853,28.568181],[85.192161,28.566801],[85.189897,28.563061],[85.186977,28.561241],[85.187287,28.559555],[85.190621,28.553758],[85.19025,28.551798],[85.191196,28.547111],[85.191028,28.544444],[85.188665,28.540041],[85.189125,28.534129],[85.187711,28.532945],[85.180542,28.532439],[85.171179,28.533321],[85.168371,28.531942],[85.167281,28.526147],[85.168349,28.521161],[85.165585,28.519191],[85.164357,28.514847],[85.159245,28.509377],[85.159708,28.503788],[85.158562,28.500804],[85.15927,28.497768],[85.156949,28.494492],[85.156468,28.492376],[85.155136,28.490395],[85.147854,28.485658],[85.146751,28.485451],[85.144962,28.485507],[85.143576,28.486256],[85.136194,28.485442],[85.132966,28.485727],[85.131538,28.486151],[85.130978,28.487367],[85.128824,28.487692],[85.125906,28.487477],[85.124218,28.486032],[85.120741,28.485406],[85.119714,28.484165],[85.119656,28.482532],[85.118921,28.481123],[85.115995,28.480094],[85.115541,28.479477],[85.11475,28.474241],[85.114862,28.471212],[85.108767,28.463673],[85.106541,28.459908],[85.103265,28.458236],[85.101745,28.456714],[85.10163,28.454921],[85.102492,28.451476],[85.105049,28.447675],[85.109835,28.444928],[85.11517,28.443843],[85.116538,28.443031],[85.114914,28.433174],[85.116418,28.425363],[85.119712,28.415626],[85.119799,28.413121],[85.118068,28.408664],[85.118753,28.406091],[85.121194,28.402005],[85.122249,28.400551],[85.127117,28.396725],[85.128874,28.392243],[85.128665,28.390831],[85.124229,28.385764],[85.124344,28.382948],[85.123395,28.379497],[85.124485,28.374606],[85.124116,28.372518],[85.123126,28.371163],[85.120464,28.370373],[85.118576,28.369001],[85.117428,28.366985],[85.115251,28.357013],[85.111237,28.349504],[85.11019,28.346406],[85.110677,28.345213],[85.12301,28.335571],[85.126382,28.335993],[85.129202,28.337657],[85.13089,28.337875],[85.134588,28.335764],[85.137289,28.332299],[85.139186,28.332283],[85.14262,28.330272],[85.145176,28.331132],[85.156992,28.330911],[85.160269,28.331779],[85.169071,28.331426],[85.17126,28.330221],[85.173045,28.328351],[85.176394,28.327717],[85.18411,28.324091],[85.187792,28.327684],[85.192742,28.331411],[85.195842,28.333008],[85.197793,28.336675],[85.200572,28.339154],[85.202508,28.340261],[85.204701,28.340469],[85.2125,28.336078],[85.217645,28.331843],[85.221162,28.330633],[85.227857,28.325913],[85.230874,28.324893],[85.232399,28.322885],[85.238617,28.320918],[85.243708,28.317625],[85.246866,28.312669],[85.249362,28.30304],[85.255323,28.298296],[85.257031,28.294266],[85.261187,28.294844],[85.269046,28.29799],[85.270674,28.298088],[85.272729,28.297196],[85.27583,28.293607],[85.275166,28.287585],[85.289199,28.287785],[85.294755,28.287263],[85.295725,28.287667],[85.296741,28.289146],[85.300357,28.29056],[85.305831,28.289709],[85.308186,28.291189],[85.310412,28.291017],[85.32084,28.293867],[85.325165,28.29584],[85.327649,28.298945],[85.333849,28.30003],[85.342638,28.303763],[85.344834,28.302445],[85.348914,28.302226],[85.350463,28.301507],[85.350448,28.292887],[85.349413,28.291217],[85.349595,28.289532],[85.35053,28.288296],[85.354932,28.286513],[85.357553,28.286805],[85.365606,28.285387],[85.368915,28.285933],[85.372447,28.285566],[85.377831,28.282588],[85.379911,28.278376],[85.388792,28.284533],[85.38975,28.286289],[85.392577,28.28797],[85.394233,28.288326],[85.399027,28.293957],[85.399985,28.298098],[85.407192,28.302285],[85.410782,28.305145],[85.411851,28.307038],[85.414313,28.308156],[85.416394,28.315856],[85.415421,28.323591],[85.415781,28.324895],[85.417663,28.326931],[85.420362,28.32711],[85.423739,28.329074],[85.426884,28.329993],[85.432511,28.330072],[85.437124,28.333456],[85.439649,28.334589],[85.446269,28.335428],[85.454198,28.335082],[85.460285,28.336824],[85.467625,28.335642],[85.470757,28.334382],[85.477676,28.333163],[85.485857,28.333004],[85.489663,28.330991],[85.493061,28.331008],[85.498828,28.332172],[85.499719,28.332585],[85.50005,28.333432],[85.502508,28.333136],[85.508816,28.333808],[85.513988,28.331753],[85.52072,28.330707],[85.528342,28.328146],[85.537598,28.323014],[85.541111,28.319821],[85.545488,28.318914],[85.550074,28.314942],[85.554558,28.314025],[85.564048,28.309622],[85.568118,28.310132],[85.572735,28.309303],[85.578218,28.310154],[85.580752,28.309003],[85.583073,28.306096],[85.588028,28.307729],[85.59425,28.308463],[85.602899,28.304153],[85.598935,28.298822],[85.599185,28.292299],[85.600776,28.289001],[85.601272,28.279051],[85.60592,28.264442],[85.607718,28.262816],[85.608596,28.260909],[85.609296,28.256806],[85.610988,28.256668],[85.627913,28.265883],[85.632794,28.270904],[85.637737,28.273721],[85.644431,28.282412],[85.647417,28.289591],[85.663032,28.302761],[85.663946,28.304624],[85.663636,28.305684],[85.662033,28.308305],[85.658315,28.31226],[85.65619,28.315765],[85.656067,28.317266],[85.657026,28.320039],[85.659602,28.324335],[85.66118,28.325489],[85.663649,28.326035],[85.666704,28.331537],[85.66671,28.335458],[85.668037,28.338325],[85.668078,28.343058],[85.668635,28.345509],[85.668058,28.347829],[85.671994,28.349323],[85.678511,28.350496],[85.683838,28.349483],[85.686078,28.347113],[85.687659,28.346251],[85.688505,28.346748],[85.686232,28.382273],[85.694929,28.384385],[85.697635,28.385527],[85.703245,28.384419],[85.714167,28.385935],[85.714764,28.382958],[85.720072,28.375367],[85.723113,28.373386],[85.726641,28.373164],[85.722613,28.369489],[85.721221,28.367137],[85.722878,28.362225],[85.722252,28.359269],[85.724135,28.355487],[85.724353,28.353536],[85.727434,28.35211],[85.728601,28.350469],[85.729078,28.34762],[85.730582,28.344712],[85.7308,28.342366],[85.734585,28.339143],[85.734268,28.33616],[85.731131,28.332996],[85.729883,28.330114],[85.729851,28.328648],[85.730406,28.327838],[85.738215,28.323428],[85.738383,28.321291],[85.739563,28.31906],[85.739018,28.312544],[85.740007,28.309514],[85.73829,28.306433],[85.738721,28.304918],[85.73793,28.300952],[85.738668,28.299197],[85.735224,28.294335],[85.735375,28.291083],[85.74054,28.284528],[85.741759,28.27591],[85.745259,28.271516],[85.745423,28.269435],[85.744658,28.26546],[85.745348,28.256695],[85.750711,28.248889],[85.750402,28.244602],[85.751177,28.237951],[85.756629,28.234712],[85.75934,28.228733],[85.761022,28.227717],[85.766276,28.227145],[85.770177,28.222451],[85.776372,28.217889],[85.778168,28.215488],[85.778264,28.214472],[85.776968,28.211097],[85.778698,28.208384],[85.781271,28.207934],[85.784456,28.208273],[85.786647,28.205286],[85.793288,28.203576],[85.796893,28.200207],[85.801517,28.197999],[85.802337,28.196197],[85.806638,28.198001],[85.809625,28.19818],[85.813815,28.202447],[85.814989,28.203036],[85.818016,28.203146],[85.819002,28.202144],[85.818883,28.199269],[85.820388,28.193732],[85.824116,28.18989],[85.831266,28.184842],[85.842642,28.184034],[85.845609,28.183197],[85.850849,28.183949],[85.852246,28.171086],[85.853636,28.166969],[85.856146,28.163403],[85.858756,28.161394],[85.861665,28.161107],[85.86206,28.154207],[85.864129,28.151079],[85.872596,28.146551],[85.874284,28.144218],[85.874688,28.142712],[85.871643,28.135161],[85.871588,28.132956],[85.872755,28.131105],[85.871635,28.128113],[85.87246,28.12354],[85.874726,28.121172],[85.881011,28.117182],[85.888493,28.11716],[85.891201,28.116397],[85.892347,28.113793],[85.89667,28.112107],[85.900385,28.108845],[85.902084,28.103496],[85.901404,28.097812],[85.905647,28.089],[85.903114,28.08495],[85.903695,28.080824],[85.903042,28.078037],[85.901081,28.07562],[85.898689,28.074074],[85.898979,28.0672],[85.903116,28.061412],[85.902344,28.057351],[85.902563,28.054759],[85.903237,28.053656],[85.911673,28.050326],[85.915443,28.050053],[85.917238,28.04914],[85.926083,28.038739],[85.930677,28.031363],[85.933628,28.029669],[85.938175,28.023927],[85.940405,28.024488],[85.944229,28.022859],[85.948014,28.02035],[85.95258,28.01629],[85.956195,28.0143],[85.958678,28.012198],[85.96041,28.009362],[85.963296,28.00708],[85.966768,28.001917],[85.969968,28.000118],[85.976693,28.000841],[85.976866,27.999554],[85.979483,27.996471],[85.979433,27.993612],[85.980985,27.991081],[85.980645,27.987651],[85.97805,27.984259],[85.973739,27.980842],[85.971213,27.97727],[85.967935,27.97448],[85.965736,27.971205],[85.962111,27.967329],[85.960329,27.961032],[85.960828,27.958752],[85.959989,27.957663],[85.960174,27.956534],[85.958184,27.954744],[85.954037,27.945306],[85.950616,27.941826],[85.951103,27.940787],[85.954587,27.939061],[85.956636,27.938966],[85.962709,27.935645],[85.963391,27.934716],[85.969935,27.932302],[85.975188,27.928284],[85.976795,27.925907],[85.979845,27.92482],[85.984858,27.920935],[85.989734,27.918553],[85.990732,27.917445],[85.994502,27.915772],[86,27.914325],[86.001652,27.911749],[86.002972,27.911084],[86.005355,27.911092],[86.010068,27.91336],[86.012677,27.912977],[86.014327,27.914593],[86.016107,27.91487],[86.023617,27.908283],[86.025541,27.907385],[86.028397,27.907931],[86.030442,27.907645],[86.03588,27.905438],[86.041998,27.903899],[86.045978,27.906107],[86.049731,27.906306],[86.052812,27.903893],[86.058002,27.903897],[86.060205,27.902213],[86.062842,27.901902],[86.067174,27.899499],[86.067928,27.899824],[86.06784,27.90159],[86.069322,27.903645],[86.071773,27.905419],[86.068765,27.909423],[86.068436,27.91029],[86.068856,27.910843],[86.077369,27.910582],[86.078614,27.9121],[86.081946,27.914004],[86.089638,27.916632],[86.092806,27.919802],[86.095655,27.920123],[86.101065,27.922433],[86.103577,27.922707],[86.106392,27.924611],[86.111323,27.924122],[86.116482,27.926165],[86.120366,27.927057],[86.125354,27.926764],[86.126343,27.92739],[86.126832,27.931446],[86.128631,27.933458],[86.128103,27.936632],[86.12686,27.938075],[86.126026,27.941354],[86.123838,27.941929],[86.117748,27.945257],[86.115538,27.949408],[86.1095,27.955623],[86.111495,27.957809],[86.111217,27.959043],[86.111829,27.961247],[86.111104,27.965076],[86.109157,27.967687],[86.107858,27.976239],[86.10627,27.98096],[86.105945,27.98397],[86.104258,27.986513],[86.101717,27.992726],[86.098766,27.995714],[86.09818,27.998647],[86.095954,27.999998],[86.093838,28.004932],[86.091368,28.005825],[86.088965,28.008494],[86.088015,28.011172],[86.085722,28.012224],[86.084681,28.013415],[86.081746,28.020124],[86.081763,28.021559],[86.082321,28.02226],[86.088767,28.026725],[86.090502,28.028566],[86.092832,28.032954],[86.092494,28.035176],[86.089781,28.040199],[86.091444,28.043594],[86.091261,28.046898],[86.089869,28.049113],[86.091981,28.057367],[86.097214,28.061627],[86.093916,28.06911],[86.09214,28.071205],[86.091877,28.072481],[86.089996,28.073653],[86.087102,28.081532],[86.087476,28.08301],[86.086427,28.086742],[86.086452,28.089966],[86.085139,28.090695],[86.088275,28.092992],[86.091368,28.094067],[86.094493,28.097589],[86.101297,28.096185],[86.104092,28.094888],[86.106484,28.092785],[86.110391,28.093363],[86.112709,28.091415],[86.116216,28.091873],[86.120215,28.091161],[86.122921,28.093365],[86.126508,28.095084],[86.128237,28.097807],[86.130058,28.099401],[86.132563,28.099902],[86.133398,28.104002],[86.135248,28.105805],[86.134143,28.10656],[86.134048,28.107298],[86.135453,28.110702],[86.134725,28.116399],[86.136689,28.117648],[86.139298,28.118217],[86.14286,28.117542],[86.144265,28.120197],[86.144444,28.121884],[86.143812,28.123827],[86.144383,28.125845],[86.147914,28.128171],[86.154714,28.130241],[86.162645,28.13778],[86.165447,28.138402],[86.168518,28.137882],[86.180477,28.143337],[86.181281,28.144975],[86.181287,28.149095],[86.179962,28.152471],[86.17823,28.154634],[86.178037,28.156528],[86.178975,28.159153],[86.178602,28.16235],[86.176186,28.16639],[86.176226,28.168037],[86.176428,28.168722],[86.178173,28.169811],[86.18121,28.171002],[86.184674,28.171576],[86.189101,28.173944],[86.19176,28.172723],[86.191151,28.170626],[86.191935,28.168142],[86.194956,28.166501],[86.194453,28.166223],[86.194052,28.164206],[86.194491,28.160179],[86.196145,28.159426],[86.197325,28.157655],[86.199683,28.156117],[86.199909,28.152734],[86.197938,28.151091],[86.198294,28.148104],[86.199315,28.145621],[86.199565,28.138039],[86.203555,28.133744],[86.207928,28.132849],[86.209986,28.128597],[86.212022,28.127449],[86.214583,28.123357],[86.216428,28.117786],[86.21841,28.115821],[86.220602,28.114635],[86.222221,28.11142],[86.220867,28.108752],[86.224356,28.099531],[86.224896,28.095531],[86.222584,28.095031],[86.212118,28.095037],[86.21012,28.094105],[86.209375,28.092442],[86.210075,28.089168],[86.206796,28.084882],[86.206552,28.083775],[86.208685,28.076191],[86.210454,28.074872],[86.212003,28.072131],[86.212616,28.068486],[86.212038,28.06518],[86.214178,28.058753],[86.21574,28.055221],[86.218766,28.052249],[86.219325,28.050896],[86.219271,28.049172],[86.217757,28.046095],[86.220053,28.043622],[86.219953,28.040041],[86.221752,28.03643],[86.226673,28.033969],[86.227522,28.03146],[86.227596,28.028406],[86.223405,28.022922],[86.223417,28.01639],[86.222365,28.01075],[86.222598,28.008983],[86.224806,28.003898],[86.225226,28.000002],[86.224626,27.996587],[86.225248,27.992448],[86.227595,27.987058],[86.22756,27.985119],[86.229136,27.980695],[86.230407,27.979226],[86.234104,27.977157],[86.235571,27.973962],[86.239775,27.972832],[86.246081,27.974054],[86.251182,27.97604],[86.251372,27.974847],[86.257164,27.978107],[86.265412,27.978878],[86.26879,27.980209],[86.273779,27.979703],[86.278074,27.978325],[86.280481,27.978531],[86.283449,27.97688],[86.288672,27.977173],[86.291164,27.978145],[86.298951,27.972774],[86.299292,27.971072],[86.302143,27.967398],[86.302005,27.960958],[86.305358,27.958314],[86.306436,27.955339],[86.309808,27.956013],[86.312418,27.952337],[86.313841,27.951687],[86.31469,27.950006],[86.321158,27.947626],[86.337723,27.964841],[86.337884,27.95977],[86.339716,27.955823],[86.341859,27.953331],[86.340016,27.949207],[86.341117,27.948894],[86.343499,27.946349],[86.344485,27.943606],[86.345869,27.942635],[86.347191,27.940426],[86.350335,27.937318],[86.356958,27.940436],[86.36068,27.941162],[86.364765,27.941023],[86.366427,27.940356],[86.372947,27.940722],[86.383712,27.937614],[86.385966,27.934555],[86.389668,27.931591],[86.393267,27.925628],[86.395404,27.925655],[86.399457,27.923935],[86.402664,27.920028],[86.407807,27.916449],[86.408847,27.914362],[86.408727,27.91248],[86.411337,27.909955],[86.411807,27.907953],[86.413154,27.906325],[86.423744,27.908836],[86.431619,27.909295],[86.441734,27.907403],[86.444859,27.905464],[86.445931,27.908591],[86.448142,27.911738],[86.453361,27.914279],[86.458012,27.91483],[86.459081,27.918718],[86.461851,27.922063],[86.467828,27.926965],[86.472288,27.929787],[86.472355,27.934629],[86.468848,27.941073],[86.47179,27.945944],[86.477103,27.948074],[86.483938,27.947676],[86.486429,27.950129],[86.488655,27.951313],[86.493695,27.952324],[86.495893,27.952172],[86.496281,27.954586],[86.500124,27.956966],[86.503417,27.956398],[86.508758,27.956968],[86.51521,27.956932],[86.517982,27.956364],[86.518534,27.95677],[86.518663,27.957263],[86.515824,27.960066],[86.514639,27.968011],[86.514897,27.968707],[86.518705,27.969646],[86.52111,27.971274],[86.521752,27.973359],[86.522564,27.974115],[86.517856,27.977483],[86.51525,27.984505],[86.518193,27.989752],[86.518872,27.998085],[86.517453,28.001243],[86.518014,28.002215],[86.520447,28.003133],[86.522205,28.004958],[86.52243,28.009975],[86.524644,28.016595],[86.523542,28.01816],[86.523573,28.019101],[86.527302,28.022656],[86.531182,28.024048],[86.53211,28.026028],[86.533873,28.026911],[86.532827,28.031734],[86.534234,28.033149],[86.535786,28.037856],[86.535767,28.046383],[86.538084,28.049933],[86.53893,28.050595],[86.541296,28.050948],[86.551315,28.050512],[86.553605,28.052306],[86.554938,28.05463],[86.558217,28.05652],[86.560646,28.063207],[86.565088,28.065915],[86.567762,28.068746],[86.568058,28.070033],[86.567558,28.071347],[86.564866,28.072875],[86.563616,28.075942],[86.561029,28.077628],[86.562123,28.082458],[86.566738,28.086236],[86.567664,28.089027],[86.56928,28.091603],[86.568986,28.094174],[86.564452,28.100899],[86.564021,28.102495],[86.564294,28.10491],[86.564764,28.106918],[86.565714,28.108049],[86.569066,28.109627],[86.570685,28.111577],[86.574649,28.110428],[86.576832,28.112817],[86.578848,28.112636],[86.580568,28.111231],[86.590799,28.107844],[86.591545,28.107031],[86.591838,28.104336],[86.592493,28.103932],[86.603707,28.102083],[86.604911,28.101678],[86.606791,28.099899],[86.607062,28.0983],[86.609265,28.095359],[86.610444,28.091915],[86.609407,28.090188],[86.605034,28.087322],[86.606318,28.084286],[86.606255,28.082246],[86.610785,28.07577],[86.616414,28.073279],[86.623602,28.074553],[86.627951,28.074001],[86.637241,28.070484],[86.637983,28.070454],[86.639427,28.072087],[86.641403,28.073159],[86.652408,28.074598],[86.660383,28.080854],[86.660261,28.082605],[86.661834,28.08602],[86.663615,28.094793],[86.666053,28.097741],[86.671079,28.100695],[86.675164,28.102088],[86.68067,28.102586],[86.682883,28.10337],[86.691537,28.108421],[86.706265,28.107041],[86.707508,28.107632],[86.70849,28.106355],[86.710432,28.10577],[86.71219,28.10623],[86.713808,28.105924],[86.717902,28.107684],[86.718915,28.107067],[86.723405,28.106341],[86.729128,28.103439],[86.736601,28.10347],[86.737963,28.102883],[86.740724,28.103536],[86.74456,28.098248],[86.74831,28.098092],[86.750757,28.094712],[86.749827,28.085839],[86.753293,28.081098],[86.755826,28.079105],[86.763332,28.077469],[86.767379,28.074378],[86.76587,28.072566],[86.759088,28.069364],[86.757663,28.067942],[86.755145,28.063439],[86.754449,28.056553],[86.753397,28.05342],[86.752153,28.051881],[86.750126,28.051396],[86.749312,28.050314],[86.749015,28.048567],[86.749638,28.045425],[86.751778,28.044238],[86.753195,28.040111],[86.755364,28.037681],[86.761113,28.034769],[86.769586,28.036739],[86.77386,28.036999],[86.775786,28.037817],[86.777892,28.036164],[86.780167,28.03298],[86.782558,28.031379],[86.781749,28.027095],[86.788656,28.023462],[86.792547,28.01868],[86.796579,28.020591],[86.803591,28.022462],[86.805131,28.023362],[86.807466,28.02298],[86.809018,28.021845],[86.809471,28.020826],[86.814277,28.018804],[86.821222,28.019916],[86.826436,28.01752],[86.8283,28.017428],[86.830547,28.015016],[86.838276,28.015093],[86.839947,28.015612],[86.840947,28.017278],[86.843718,28.01739],[86.845365,28.018698],[86.847487,28.018689],[86.849774,28.019589],[86.850576,28.024539],[86.854503,28.027453],[86.856532,28.027868],[86.858356,28.027008],[86.861769,28.027172],[86.863862,28.026116],[86.869888,28.025007],[86.874968,28.0219],[86.875279,28.019687],[86.873676,28.016044],[86.873439,28.013471],[86.875507,28.010254],[86.881351,28.006615],[86.884121,28.002578],[86.891504,27.99947],[86.891876,27.997138],[86.892386,27.996714],[86.902098,27.99409],[86.911395,27.992921],[86.913676,27.991638],[86.918412,27.990427],[86.919814,27.988944],[86.9238,27.988851],[86.927818,27.987628],[86.928374,27.98414],[86.929754,27.982694],[86.932698,27.981356],[86.935545,27.977828],[86.934944,27.96549],[86.935945,27.962349],[86.936879,27.961752],[86.941081,27.960761],[86.947357,27.957918],[86.951918,27.9566],[86.967127,27.955564],[86.969668,27.954522],[86.972035,27.954938],[86.975596,27.954111],[86.984845,27.94931],[86.990249,27.950696],[86.994683,27.954571],[87.002447,27.954499],[87.00521,27.954223],[87.00818,27.95312],[87.011289,27.953241],[87.018198,27.957474],[87.019441,27.956891],[87.020891,27.953793],[87.024068,27.951033],[87.026658,27.949773],[87.03139,27.949987],[87.034775,27.949097],[87.037849,27.950263],[87.041613,27.950169],[87.045342,27.945107],[87.046411,27.941397],[87.048274,27.938174],[87.052762,27.934003],[87.053588,27.930108],[87.055866,27.926364],[87.062979,27.925442],[87.068261,27.923691],[87.077891,27.918135],[87.080762,27.915437],[87.081271,27.91344],[87.080206,27.911448],[87.079506,27.907401],[87.080296,27.902614],[87.082746,27.901171],[87.084471,27.899239],[87.088555,27.890632],[87.091039,27.889345],[87.090276,27.885234],[87.091309,27.882381],[87.097727,27.879464],[87.10632,27.877894],[87.109665,27.8747],[87.110618,27.861114],[87.11127,27.85823],[87.110645,27.85406],[87.112368,27.851358],[87.112502,27.847802],[87.118394,27.840098],[87.120982,27.840096],[87.124431,27.83905],[87.127373,27.836475],[87.12883,27.833956],[87.130568,27.835457],[87.13509,27.836648],[87.139231,27.837134],[87.142991,27.836886],[87.15207,27.830922],[87.155276,27.829431],[87.159227,27.824239],[87.174432,27.82087],[87.181538,27.820462],[87.185646,27.822022],[87.190231,27.82045],[87.195681,27.819738],[87.202825,27.821967],[87.205271,27.822087],[87.207273,27.820732],[87.208658,27.82168],[87.210207,27.821527],[87.220319,27.82335],[87.223145,27.822335],[87.226113,27.822544],[87.226833,27.820641],[87.228176,27.819474],[87.230669,27.823486],[87.23126,27.825755],[87.238314,27.833135],[87.239561,27.835279],[87.239876,27.837395],[87.241157,27.839234],[87.244991,27.841588],[87.25,27.843289],[87.252489,27.842826],[87.256989,27.845715],[87.258914,27.847661],[87.25926,27.848789],[87.262953,27.850704],[87.266277,27.849416],[87.267995,27.850724],[87.278088,27.846893],[87.282528,27.846092],[87.287292,27.844284],[87.290417,27.845739],[87.295814,27.843503],[87.297805,27.843894],[87.303342,27.842877],[87.306121,27.843205],[87.306635,27.842931],[87.306871,27.841405],[87.306973,27.835245],[87.308786,27.833291],[87.311939,27.83249],[87.313889,27.83078],[87.318084,27.828604],[87.320381,27.825501],[87.32619,27.826787],[87.328041,27.826234],[87.329484,27.827023],[87.332535,27.826893],[87.339487,27.828858],[87.340381,27.829679],[87.344046,27.828147],[87.34804,27.827618],[87.350483,27.830173],[87.352847,27.829343],[87.353905,27.827725],[87.355139,27.827356],[87.36013,27.827587],[87.363186,27.828646],[87.367687,27.836103],[87.370609,27.837896],[87.37187,27.840726],[87.374832,27.844103],[87.376368,27.845069],[87.378404,27.845709],[87.382007,27.845852],[87.38546,27.84758],[87.389615,27.848818],[87.393644,27.84832],[87.398797,27.850135],[87.400242,27.851259],[87.405132,27.851671],[87.409918,27.856382],[87.417778,27.85884],[87.421107,27.862264],[87.421734,27.860322],[87.426569,27.859687],[87.428177,27.858553],[87.428879,27.853885],[87.42848,27.851919],[87.432382,27.850428],[87.435709,27.845966],[87.434287,27.84216],[87.432481,27.840854],[87.428979,27.840073],[87.424523,27.840911],[87.411411,27.838572],[87.407426,27.836968],[87.405977,27.834716],[87.406146,27.833831],[87.414171,27.833564],[87.41991,27.831931],[87.425189,27.831364],[87.441421,27.825034],[87.448049,27.822848],[87.452332,27.822072],[87.461934,27.82579],[87.469108,27.831314],[87.477275,27.836072],[87.478285,27.839514],[87.482232,27.840263],[87.484608,27.842267],[87.488439,27.843596],[87.492636,27.846233],[87.493081,27.846292],[87.493282,27.845102],[87.495557,27.843693],[87.496517,27.843689],[87.498135,27.844902],[87.5009,27.844815],[87.503938,27.846151],[87.507316,27.845207],[87.51018,27.846751],[87.511406,27.84685],[87.518456,27.845838],[87.520724,27.844275],[87.523343,27.843333],[87.5269,27.843475],[87.530057,27.844966],[87.531687,27.844648],[87.533673,27.845211],[87.535304,27.844842],[87.537277,27.842864],[87.538502,27.842912],[87.546753,27.848737],[87.547227,27.850393],[87.550244,27.852971],[87.551424,27.855767],[87.553125,27.857626],[87.554678,27.864926],[87.559702,27.866411],[87.564982,27.866802],[87.571963,27.863456],[87.573875,27.861118],[87.579129,27.862079],[87.581344,27.861759],[87.585131,27.855628],[87.588905,27.852604],[87.588537,27.849548],[87.589557,27.847319],[87.590686,27.840674],[87.59276,27.837714],[87.593553,27.833252],[87.593186,27.830248],[87.591319,27.826863],[87.592281,27.82207],[87.591752,27.820845],[87.592046,27.820147],[87.593646,27.819213],[87.595887,27.819799],[87.597685,27.821086],[87.604064,27.82086],[87.609157,27.817586],[87.611732,27.814323],[87.61276,27.811333],[87.614023,27.810333],[87.615105,27.810362],[87.616603,27.81135],[87.617336,27.815593],[87.619405,27.818668],[87.62584,27.82169],[87.629922,27.821207],[87.631312,27.822793],[87.634569,27.824536],[87.635095,27.825197],[87.63508,27.832363],[87.6365,27.832654],[87.638375,27.834139],[87.644722,27.834773],[87.649603,27.833489],[87.653249,27.834799],[87.66087,27.836322],[87.665194,27.835504],[87.667642,27.83619],[87.672073,27.834643],[87.672305,27.829831],[87.665599,27.822366],[87.667785,27.81977],[87.666276,27.817155],[87.666612,27.814103],[87.667944,27.81237],[87.667179,27.809258],[87.668026,27.80663],[87.676112,27.807414],[87.677274,27.808273],[87.678025,27.809957],[87.682557,27.809605],[87.68794,27.812006],[87.692243,27.81186],[87.695242,27.81053],[87.701221,27.811939],[87.706737,27.809894],[87.709755,27.811401],[87.713361,27.810889],[87.721374,27.808627],[87.724364,27.805978],[87.727921,27.805052],[87.729318,27.806444],[87.731169,27.806434],[87.733212,27.807493],[87.734239,27.808805],[87.735721,27.809043],[87.737125,27.811339],[87.738893,27.812772],[87.736435,27.818872],[87.738527,27.823636],[87.744727,27.830184],[87.74502,27.832405],[87.746356,27.834947],[87.747566,27.835929],[87.753469,27.834963],[87.756,27.835678],[87.756737,27.836461],[87.758377,27.841141],[87.75985,27.842669],[87.761226,27.847686],[87.767201,27.855652],[87.768745,27.859287],[87.770551,27.860755],[87.776095,27.862655],[87.778128,27.864771],[87.781227,27.865659],[87.779602,27.867875],[87.781214,27.871629],[87.779824,27.874139],[87.778081,27.875252],[87.777987,27.877714],[87.780042,27.88127],[87.780588,27.884911],[87.781912,27.886972],[87.782854,27.889961],[87.785075,27.892017],[87.787178,27.899137],[87.791929,27.901475],[87.796362,27.90269],[87.799844,27.905644],[87.806686,27.908697],[87.808441,27.910618],[87.808084,27.913222],[87.808445,27.914204],[87.81615,27.921232],[87.81914,27.920643],[87.821464,27.921417],[87.822581,27.919636],[87.824283,27.918778],[87.825525,27.918732],[87.827275,27.919942],[87.828285,27.922912],[87.828421,27.926242],[87.829811,27.92964],[87.829222,27.932421],[87.827085,27.934286],[87.827334,27.936413],[87.831694,27.946749],[87.83415,27.948745],[87.833987,27.952074],[87.834391,27.952642],[87.837353,27.951187],[87.844277,27.949983],[87.847835,27.946906],[87.849605,27.946107],[87.851236,27.947654],[87.852817,27.948314],[87.858131,27.948399],[87.859568,27.94774],[87.860013,27.943778],[87.860646,27.942433],[87.860525,27.939815],[87.861774,27.937797],[87.861852,27.936438],[87.859821,27.932058],[87.85808,27.930708],[87.856609,27.92851],[87.85999,27.926777],[87.862904,27.923704],[87.863235,27.920708],[87.86604,27.917793],[87.866596,27.91383],[87.868488,27.910549],[87.874045,27.913408],[87.879311,27.914557],[87.890451,27.909916],[87.899266,27.911179],[87.901792,27.910926],[87.90491,27.91248],[87.906222,27.914286],[87.910446,27.916681],[87.913391,27.916109],[87.915882,27.916999],[87.918111,27.917043],[87.919084,27.916603],[87.919299,27.915794],[87.922503,27.915714],[87.934774,27.91766],[87.936461,27.916585],[87.939095,27.912096],[87.941743,27.910579],[87.944263,27.909637],[87.95626,27.909435],[87.958306,27.90883],[87.959108,27.906737],[87.960211,27.906118],[87.966552,27.89715],[87.967065,27.895078],[87.969098,27.892954],[87.975212,27.891099],[87.976291,27.890205],[87.981297,27.888416],[87.9859,27.887417],[87.987448,27.885712],[87.989484,27.887728],[87.992553,27.88869],[87.99674,27.89189],[88.000306,27.893401],[88.001462,27.895601],[88.003563,27.897402],[88.005024,27.897868],[88.018929,27.898375],[88.024201,27.89638],[88.028159,27.902243],[88.028917,27.904401],[88.030404,27.905523],[88.032683,27.905661],[88.039771,27.904083],[88.041218,27.902105],[88.044839,27.899462],[88.049624,27.898819],[88.052718,27.897266],[88.056597,27.8966],[88.057039,27.894284],[88.05852,27.891211],[88.060816,27.888226],[88.067056,27.886093],[88.068598,27.887101],[88.070342,27.889703],[88.074624,27.893494],[88.079258,27.894315],[88.081736,27.89573],[88.086766,27.895257],[88.088222,27.894093],[88.08803,27.892576],[88.090708,27.890558],[88.092121,27.887194],[88.092479,27.879821],[88.093031,27.877991],[88.092758,27.873695],[88.093608,27.871157],[88.096543,27.869085],[88.098425,27.866961],[88.105491,27.86754],[88.109941,27.867311],[88.114987,27.868213],[88.118247,27.870147],[88.121796,27.87478],[88.129068,27.881473],[88.131303,27.881933],[88.133573,27.88138],[88.137523,27.88148],[88.140689,27.879451],[88.141962,27.877455],[88.145581,27.878131],[88.150101,27.876505],[88.151392,27.876526],[88.155147,27.873004],[88.156535,27.870504],[88.159793,27.870515],[88.166831,27.86817],[88.16974,27.865373],[88.175166,27.863066],[88.17657,27.861775],[88.177026,27.860372],[88.178564,27.859375],[88.179281,27.857801],[88.180971,27.856471],[88.185282,27.856906],[88.187876,27.856543],[88.191016,27.853632],[88.193799,27.854375],[88.198355,27.854304],[88.199367,27.852847],[88.199995,27.849924],[88.199647,27.848335],[88.200636,27.845454],[88.203144,27.843749],[88.204065,27.842426],[88.203891,27.837222],[88.202564,27.836112],[88.199526,27.83631],[88.197178,27.83548],[88.196195,27.833731],[88.194216,27.832273],[88.193295,27.829057],[88.190102,27.825102],[88.185248,27.822813],[88.181898,27.822628],[88.175757,27.820237],[88.17615,27.817235],[88.181562,27.815531],[88.183573,27.813415],[88.187879,27.810362],[88.187908,27.808428],[88.188863,27.807007],[88.188711,27.803135],[88.189459,27.801181],[88.190759,27.799225],[88.191719,27.79894],[88.192483,27.797893],[88.193911,27.797571],[88.194567,27.796413],[88.196411,27.795964],[88.197967,27.793139],[88.199424,27.79224],[88.19992,27.790584],[88.198305,27.788437],[88.197984,27.786298],[88.194439,27.784319],[88.190781,27.781183],[88.187871,27.776968],[88.183894,27.775647],[88.184956,27.773415],[88.184234,27.771738],[88.184137,27.768754],[88.185878,27.766894],[88.186031,27.766042],[88.183436,27.761527],[88.179369,27.75811],[88.18019,27.752119],[88.181357,27.750002],[88.181177,27.746791],[88.178875,27.745919],[88.176455,27.743095],[88.172352,27.741365],[88.17071,27.740914],[88.16867,27.741173],[88.165152,27.740122],[88.161047,27.740551],[88.161016,27.738907],[88.158889,27.736301],[88.156904,27.725312],[88.157487,27.724021],[88.157189,27.721384],[88.158178,27.720141],[88.158031,27.717178],[88.156863,27.716039],[88.155023,27.711477],[88.15202,27.707903],[88.15174,27.705144],[88.150076,27.702728],[88.153273,27.698825],[88.153456,27.696132],[88.155931,27.693334],[88.157402,27.690424],[88.154758,27.68808],[88.153029,27.68482],[88.15142,27.683771],[88.150911,27.681221],[88.149403,27.678766],[88.149123,27.674089],[88.147241,27.665377],[88.142378,27.660618],[88.14163,27.659047],[88.139821,27.657246],[88.133888,27.655084],[88.131898,27.65251],[88.130236,27.651941],[88.126995,27.649328],[88.124788,27.646295],[88.12268,27.645317],[88.123253,27.63921],[88.120948,27.634034],[88.119862,27.629535],[88.120198,27.628434],[88.122108,27.626997],[88.117906,27.620738],[88.115986,27.61172],[88.11628,27.610363],[88.111503,27.606133],[88.10984,27.603477],[88.108234,27.602258],[88.103438,27.600744],[88.099749,27.598603],[88.096283,27.597827],[88.092255,27.594858],[88.087696,27.589939],[88.084579,27.58474],[88.082428,27.579989],[88.081307,27.579086],[88.080738,27.576307],[88.077808,27.571803],[88.079741,27.569618],[88.082011,27.568154],[88.083659,27.564578],[88.082538,27.563648],[88.080791,27.560262],[88.07864,27.558458],[88.075839,27.556566],[88.071837,27.555568],[88.071716,27.552997],[88.070732,27.550649],[88.071318,27.549144],[88.071145,27.546145],[88.069786,27.544934],[88.067762,27.544435],[88.065689,27.541322],[88.06351,27.539798],[88.061612,27.534839],[88.061661,27.532461],[88.062443,27.531234],[88.064208,27.529892],[88.06788,27.529306],[88.069796,27.526056],[88.066335,27.526103],[88.064018,27.525049],[88.062583,27.52339],[88.060029,27.517645],[88.059915,27.515825],[88.063471,27.513183],[88.064155,27.511848],[88.063496,27.510847],[88.060188,27.5092],[88.059059,27.506766],[88.057387,27.505323],[88.05745,27.5044],[88.053434,27.504153],[88.052226,27.503496],[88.051539,27.501981],[88.049153,27.501207],[88.047174,27.498146],[88.046345,27.495718],[88.047178,27.492708],[88.046475,27.490051],[88.046552,27.484694],[88.047876,27.481403],[88.046564,27.47823],[88.051066,27.472235],[88.053787,27.471528],[88.056144,27.469013],[88.05933,27.467242],[88.059828,27.46567],[88.061911,27.463319],[88.063059,27.46086],[88.065549,27.459029],[88.068473,27.458551],[88.069655,27.457626],[88.068691,27.454612],[88.067125,27.453514],[88.068979,27.452193],[88.069849,27.449346],[88.07258,27.447872],[88.073534,27.446199],[88.075115,27.445011],[88.070351,27.438762],[88.070563,27.438056],[88.075408,27.433676],[88.080792,27.432149],[88.081598,27.430347],[88.082835,27.429552],[88.082676,27.426435],[88.073044,27.425824],[88.069742,27.425001],[88.065686,27.421848],[88.062801,27.420661],[88.060729,27.418195],[88.057981,27.417873],[88.055257,27.414351],[88.053155,27.412652],[88.052149,27.406895],[88.049516,27.405134],[88.051028,27.400551],[88.048455,27.395429],[88.048442,27.392177],[88.047394,27.389638],[88.047762,27.38797],[88.046703,27.38432],[88.04767,27.382124],[88.047612,27.379758],[88.044281,27.37175],[88.044589,27.369575],[88.049257,27.364118],[88.049876,27.361893],[88.052044,27.359101],[88.053424,27.357997],[88.056184,27.357813],[88.060221,27.355366],[88.061424,27.351192],[88.064249,27.346337],[88.063928,27.34523],[88.064391,27.343886],[88.064876,27.343083],[88.065774,27.343174],[88.067326,27.341057],[88.068045,27.337883],[88.069212,27.335636],[88.066125,27.33406],[88.062792,27.32971],[88.062741,27.328192],[88.055116,27.324231],[88.054826,27.322584],[88.052026,27.318458],[88.052288,27.315175],[88.051476,27.31438],[88.051128,27.31239],[88.04932,27.310576],[88.047667,27.309804],[88.044121,27.304067],[88.043638,27.301212],[88.047404,27.293429],[88.045574,27.291335],[88.043798,27.291005],[88.040721,27.291428],[88.039352,27.289581],[88.037673,27.28916],[88.036463,27.287095],[88.034313,27.28594],[88.034357,27.284065],[88.03564,27.281063],[88.034724,27.278006],[88.033806,27.276839],[88.033849,27.274946],[88.032871,27.271763],[88.033568,27.270821],[88.033759,27.267413],[88.034469,27.265677],[88.034273,27.26411],[88.033234,27.26298],[88.033765,27.261517],[88.033568,27.257678],[88.032786,27.254604],[88.033752,27.252184],[88.033453,27.249732],[88.030288,27.249058],[88.029482,27.24611],[88.026812,27.241743],[88.027414,27.236955],[88.026142,27.237637],[88.024324,27.23735],[88.021833,27.235588],[88.021626,27.233606],[88.022376,27.231712],[88.021713,27.229867],[88.021478,27.224746],[88.020234,27.222567],[88.01848,27.221882],[88.014765,27.215729],[88.016654,27.211915],[88.018228,27.210546],[88.016716,27.206949],[88.014264,27.203469],[88.018034,27.199509],[88.018593,27.195863],[88.018606,27.192927],[88.0165,27.190478],[88.016113,27.183459],[88.015567,27.182454],[88.016142,27.179131],[88.015062,27.17725],[88.020138,27.173594],[88.021271,27.172505],[88.021954,27.170709],[88.020944,27.170535],[88.018129,27.1685],[88.016929,27.166584],[88.01552,27.166894],[88.013571,27.165478],[88.014102,27.164682],[88.014139,27.162829],[88.013455,27.160093],[88.0137,27.158888],[88.012207,27.157349],[88.012893,27.154375],[88.011921,27.152457],[88.012081,27.150772],[88.0109,27.149447],[88.011262,27.147928],[88.009995,27.142971],[88.00795,27.142841],[88.007126,27.142308],[88.006884,27.140902],[88.00503,27.140929],[88.003261,27.139919],[88.003256,27.137947],[88.001708,27.136225],[88.002393,27.134598],[88.001239,27.133331],[87.9938,27.130484],[87.993421,27.125633],[87.991393,27.123263],[87.991757,27.120534],[87.990017,27.119021],[87.991178,27.118553],[87.991198,27.117316],[87.991912,27.11639],[87.991796,27.115083],[87.992516,27.11329],[87.992247,27.111613],[87.993634,27.110288],[87.993527,27.106081],[87.994207,27.105124],[87.997837,27.103155],[88.002997,27.103459],[88.004221,27.10461],[88.005996,27.104119],[88.006792,27.103037],[88.010813,27.100551],[88.010678,27.098995],[88.011274,27.098311],[88.014465,27.097079],[88.015221,27.093296],[88.016161,27.092427],[88.016645,27.090375],[88.017888,27.089705],[88.018562,27.0881],[88.019912,27.088147],[88.022221,27.08702],[88.023696,27.087395],[88.023518,27.082107],[88.020998,27.079621],[88.020169,27.077628],[88.018639,27.076689],[88.018854,27.073488],[88.02114,27.069937],[88.023801,27.068957],[88.02554,27.0646],[88.025169,27.063033],[88.025585,27.061642],[88.028477,27.057449],[88.028481,27.054355],[88.030163,27.050694],[88.031349,27.049832],[88.031719,27.048733],[88.032682,27.048428],[88.032949,27.046558],[88.033838,27.04626],[88.035739,27.043547],[88.037565,27.042904],[88.039259,27.039828],[88.039191,27.038003],[88.040106,27.037202],[88.040224,27.036291],[88.041861,27.035688],[88.043321,27.036199],[88.044931,27.035832],[88.04663,27.036535],[88.048366,27.036364],[88.051057,27.034379],[88.05361,27.034017],[88.055403,27.03285],[88.060459,27.031431],[88.061467,27.030602],[88.062291,27.028777],[88.065643,27.02974],[88.067041,27.030854],[88.071893,27.030984],[88.078598,27.035267],[88.080224,27.03502],[88.084034,27.031351],[88.085615,27.028658],[88.086298,27.022468],[88.091197,27.015036],[88.091086,27.012609],[88.090316,27.010952],[88.091346,27.008929],[88.0909,27.008002],[88.092737,27.006781],[88.094859,27.004183],[88.101765,27.003405],[88.106988,26.997148],[88.109428,26.996397],[88.10955,26.995394],[88.111413,26.994766],[88.111705,26.992428],[88.112866,26.9913],[88.115188,26.990598],[88.11768,26.988468],[88.120825,26.987087],[88.122337,26.986969],[88.131619,26.9874],[88.133769,26.986532],[88.136893,26.9862],[88.138147,26.984554],[88.133161,26.980258],[88.125853,26.969598],[88.124566,26.964967],[88.125715,26.959757],[88.123976,26.955835],[88.123052,26.950267],[88.125361,26.947787],[88.128177,26.943213],[88.130446,26.941117],[88.131307,26.939124],[88.134771,26.937794],[88.137573,26.934732],[88.140358,26.933],[88.141986,26.928476],[88.143566,26.926583],[88.144604,26.926153],[88.145464,26.924133],[88.148642,26.920675],[88.146612,26.91726],[88.147619,26.915239],[88.144728,26.910842],[88.144147,26.908559],[88.142833,26.907741],[88.142508,26.905968],[88.141412,26.904977],[88.141758,26.901502],[88.139354,26.900219],[88.138983,26.898367],[88.141536,26.896849],[88.144452,26.893628],[88.145378,26.890964],[88.147766,26.890602],[88.148149,26.88931],[88.149094,26.888474],[88.150868,26.888354],[88.151256,26.887536],[88.153052,26.886772],[88.155013,26.884875],[88.15943,26.885023],[88.16014,26.884214],[88.160125,26.882754],[88.161545,26.88244],[88.164283,26.880615],[88.166089,26.877879],[88.16714,26.873032],[88.169372,26.871094],[88.169225,26.87012],[88.172239,26.868716],[88.174219,26.869061],[88.174818,26.868555],[88.175126,26.865581],[88.176198,26.86489],[88.174418,26.859973],[88.17711,26.859237],[88.176238,26.858137],[88.176511,26.856248],[88.176052,26.855085],[88.177359,26.853244],[88.177133,26.852639],[88.174804,26.851271],[88.172588,26.851102],[88.170019,26.849474],[88.170341,26.846966],[88.173274,26.844866],[88.172203,26.842176],[88.171079,26.841446],[88.171223,26.840221],[88.17015,26.837392],[88.171308,26.836118],[88.175448,26.834805],[88.176849,26.833168],[88.176542,26.831749],[88.17457,26.82946],[88.174431,26.827509],[88.175501,26.824874],[88.181513,26.816215],[88.180154,26.803292],[88.181905,26.797828],[88.183325,26.796688],[88.183906,26.792802],[88.188067,26.781311],[88.190565,26.771351],[88.189856,26.760147],[88.188473,26.756473],[88.189731,26.75],[88.188562,26.740057],[88.188985,26.738183],[88.187122,26.733999],[88.187403,26.730673],[88.184916,26.727189],[88.185297,26.723713],[88.184643,26.71917],[88.182775,26.716827],[88.179895,26.710747],[88.175645,26.707766],[88.172142,26.701294],[88.169747,26.699249],[88.170661,26.697222],[88.170139,26.695525],[88.170306,26.687185],[88.169673,26.685839],[88.170447,26.683689],[88.166678,26.678219],[88.167541,26.669975],[88.165583,26.651483],[88.165667,26.645681],[88.163307,26.642248],[88.161604,26.642036],[88.160587,26.639772],[88.163078,26.636257],[88.160748,26.635655],[88.159975,26.632527],[88.157239,26.630142],[88.149498,26.629266],[88.146942,26.627926],[88.146658,26.626459],[88.14461,26.625476],[88.143162,26.620753],[88.143131,26.613133],[88.141837,26.610765],[88.142191,26.609758],[88.14173,26.606494],[88.141359,26.605931],[88.138238,26.605575],[88.132488,26.600988],[88.134282,26.597645],[88.134506,26.592877],[88.132075,26.587134],[88.132687,26.584545],[88.129905,26.581564],[88.130394,26.58051],[88.132482,26.579257],[88.13311,26.576307],[88.132799,26.573394],[88.131028,26.572303],[88.129668,26.575674],[88.128389,26.577099],[88.127372,26.577276],[88.126015,26.57691],[88.125538,26.576045],[88.127116,26.575288],[88.127724,26.573845],[88.125552,26.571949],[88.125,26.571935],[88.124966,26.573285],[88.123359,26.575419],[88.120205,26.57425],[88.120789,26.571355],[88.121815,26.569828],[88.121658,26.567843],[88.117261,26.570067],[88.11688,26.571785],[88.116188,26.572327],[88.114752,26.571061],[88.113867,26.56785],[88.115237,26.566152],[88.114259,26.564571],[88.115656,26.564576],[88.11682,26.566415],[88.117729,26.56576],[88.115705,26.563021],[88.113198,26.561855],[88.116139,26.559346],[88.115992,26.557968],[88.114359,26.556783],[88.111997,26.55672],[88.111032,26.55754],[88.110305,26.560165],[88.10871,26.560024],[88.108,26.560612],[88.107997,26.550403],[88.110114,26.550202],[88.11304,26.547336],[88.114105,26.54487],[88.111603,26.543263],[88.109608,26.541055],[88.106396,26.53939],[88.103162,26.539255],[88.100739,26.537062],[88.100979,26.535253],[88.102059,26.534358],[88.103649,26.53477],[88.105258,26.536244],[88.106271,26.536045],[88.10533,26.530331],[88.107223,26.528744],[88.107529,26.527658],[88.105691,26.51857],[88.105158,26.517928],[88.100448,26.51736],[88.097719,26.516126],[88.097311,26.514958],[88.098774,26.512941],[88.099147,26.510943],[88.098281,26.509982],[88.093884,26.508228],[88.093051,26.507492],[88.092938,26.506505],[88.095217,26.504321],[88.097577,26.504436],[88.100791,26.505862],[88.101293,26.505441],[88.101952,26.50069],[88.103058,26.498563],[88.10225,26.496547],[88.102862,26.49415],[88.103657,26.492894],[88.105714,26.492246],[88.105869,26.490277],[88.107876,26.489901],[88.108334,26.489159],[88.107008,26.486568],[88.103717,26.483599],[88.102878,26.479491],[88.104259,26.478321],[88.108795,26.476918],[88.109838,26.474895],[88.109246,26.473083],[88.107007,26.471722],[88.104787,26.471335],[88.101497,26.472461],[88.100461,26.47228],[88.101246,26.470933],[88.104081,26.46965],[88.106185,26.467865],[88.106257,26.466438],[88.105644,26.465445],[88.102831,26.46449],[88.09673,26.46453],[88.09448,26.462744],[88.098359,26.455417],[88.099482,26.45194],[88.098986,26.443109],[88.098217,26.438845],[88.097267,26.437336],[88.091701,26.434432],[88.088817,26.431953],[88.087378,26.430199],[88.086273,26.425875],[88.081188,26.419789],[88.072294,26.413143],[88.072016,26.410904],[88.073951,26.407739],[88.071135,26.407609],[88.070302,26.408037],[88.069691,26.409319],[88.06859,26.408118],[88.067092,26.407691],[88.066574,26.408194],[88.066805,26.410052],[88.066437,26.410325],[88.062639,26.409356],[88.061156,26.407494],[88.060079,26.40784],[88.059406,26.407455],[88.060319,26.406658],[88.060187,26.406138],[88.058154,26.405467],[88.059034,26.404368],[88.058737,26.403172],[88.05807,26.402363],[88.056765,26.402172],[88.058277,26.400906],[88.057999,26.40045],[88.054891,26.400694],[88.05415,26.39865],[88.052927,26.400345],[88.050852,26.400055],[88.049899,26.400803],[88.047809,26.399435],[88.04785,26.398728],[88.048827,26.398396],[88.049046,26.3973],[88.046561,26.396643],[88.046677,26.396128],[88.047714,26.396262],[88.047628,26.395636],[88.045112,26.395929],[88.045036,26.395007],[88.042982,26.395038],[88.04466,26.394037],[88.042988,26.394417],[88.040347,26.393565],[88.040575,26.391675],[88.039441,26.391225],[88.039071,26.39],[88.036845,26.391736],[88.037246,26.390679],[88.037008,26.388237],[88.036399,26.38779],[88.034621,26.387954],[88.033964,26.385562],[88.034567,26.38491],[88.034058,26.384686],[88.033345,26.38203],[88.032812,26.382919],[88.032029,26.382906],[88.029732,26.381542],[88.030764,26.378669],[88.033226,26.378696],[88.033949,26.378154],[88.033285,26.375696],[88.031499,26.376443],[88.032464,26.373906],[88.030724,26.373296],[88.030534,26.372643],[88.031336,26.371653],[88.02974,26.370748],[88.030325,26.368864],[88.03334,26.36676],[88.032563,26.364642],[88.010223,26.360757],[88.00828,26.361371],[88.00789,26.363238],[88.006682,26.364334],[88.00446,26.364921],[88.004399,26.365386],[88.005532,26.365613],[88.004945,26.366253],[88.003713,26.36567],[88.002374,26.366165],[88.00033,26.364764],[87.997823,26.365915],[87.997576,26.367137],[87.996106,26.367631],[87.996711,26.368579],[87.996272,26.369326],[87.995025,26.369342],[87.995375,26.369836],[87.994463,26.372625],[87.994189,26.392237],[87.968336,26.396846],[87.957067,26.40476],[87.935052,26.417741],[87.934013,26.41803],[87.930615,26.417238],[87.929342,26.417968],[87.928837,26.419973],[87.92943,26.424318],[87.928579,26.427377],[87.92661,26.428886],[87.923497,26.428849],[87.919573,26.429933],[87.918525,26.431519],[87.919241,26.43383],[87.919986,26.434545],[87.925811,26.437496],[87.927913,26.439691],[87.928368,26.441245],[87.927373,26.445219],[87.926166,26.446561],[87.901248,26.448451],[87.91218,26.457467],[87.902591,26.477143],[87.89065,26.486394],[87.888119,26.476168],[87.866041,26.467645],[87.865864,26.465071],[87.86511,26.46404],[87.863668,26.463428],[87.860658,26.463257],[87.860801,26.460724],[87.862203,26.459452],[87.861028,26.458829],[87.860727,26.455981],[87.862364,26.453721],[87.865101,26.452678],[87.863525,26.450713],[87.863928,26.448589],[87.853512,26.444964],[87.851203,26.436158],[87.830737,26.439813],[87.832216,26.449908],[87.827701,26.451861],[87.819712,26.458752],[87.814004,26.461526],[87.795331,26.468546],[87.794446,26.468127],[87.794122,26.466305],[87.793105,26.466094],[87.792907,26.468341],[87.791468,26.46892],[87.789051,26.467766],[87.788684,26.467012],[87.792254,26.465794],[87.792315,26.464629],[87.790547,26.463949],[87.788891,26.465425],[87.788143,26.463305],[87.788579,26.462578],[87.790916,26.462028],[87.791127,26.461165],[87.786608,26.457769],[87.784909,26.453691],[87.783396,26.452939],[87.780344,26.453412],[87.780017,26.452795],[87.781539,26.451336],[87.781494,26.450384],[87.778079,26.45079],[87.776382,26.450127],[87.776911,26.448734],[87.77917,26.4476],[87.779334,26.444632],[87.778089,26.442551],[87.779716,26.442813],[87.780271,26.442359],[87.777003,26.440433],[87.776956,26.43787],[87.775468,26.435757],[87.776153,26.435026],[87.777365,26.435162],[87.779214,26.436718],[87.780312,26.435529],[87.778456,26.429674],[87.77757,26.42962],[87.776328,26.431024],[87.775088,26.429772],[87.775886,26.428027],[87.778156,26.427762],[87.777922,26.426919],[87.775392,26.426748],[87.773604,26.427877],[87.773041,26.427178],[87.773779,26.426245],[87.775982,26.425215],[87.778558,26.424932],[87.77564,26.421082],[87.77557,26.42013],[87.777347,26.420671],[87.77824,26.422136],[87.778755,26.421591],[87.777445,26.419845],[87.775245,26.419175],[87.774615,26.419734],[87.774671,26.421002],[87.773545,26.421559],[87.771509,26.41846],[87.77009,26.418535],[87.76979,26.417476],[87.770679,26.414953],[87.768085,26.412945],[87.769633,26.411011],[87.767166,26.409971],[87.756338,26.407839],[87.749978,26.417527],[87.741631,26.417257],[87.736176,26.40745],[87.725381,26.412238],[87.72639,26.415264],[87.725717,26.416851],[87.724702,26.417477],[87.724855,26.418893],[87.723752,26.418653],[87.720846,26.422053],[87.720136,26.421546],[87.719567,26.422357],[87.718461,26.421577],[87.71736,26.42293],[87.716257,26.422683],[87.716211,26.42487],[87.713667,26.427029],[87.700989,26.427881],[87.69458,26.43531],[87.6802,26.435055],[87.68085,26.415488],[87.652784,26.405546],[87.654357,26.393179],[87.629981,26.3935],[87.614635,26.389839],[87.609708,26.380835],[87.607122,26.380465],[87.589591,26.381822],[87.589418,26.384316],[87.590888,26.388016],[87.589924,26.390446],[87.590276,26.39227],[87.576104,26.395725],[87.555338,26.405403],[87.550044,26.418203],[87.536735,26.421271],[87.519017,26.429698],[87.518889,26.430601],[87.495408,26.435686],[87.482505,26.437418],[87.4691,26.440058],[87.461766,26.438042],[87.447351,26.432662],[87.445528,26.432742],[87.43026,26.422094],[87.421629,26.422388],[87.391008,26.418738],[87.378576,26.406704],[87.371168,26.407744],[87.35887,26.387872],[87.355838,26.371695],[87.360795,26.360728],[87.350226,26.351278],[87.343459,26.347424],[87.339436,26.351144],[87.324369,26.359865],[87.31585,26.367275],[87.314816,26.371148],[87.303804,26.365943],[87.291931,26.373397],[87.28504,26.372346],[87.274884,26.372289],[87.268356,26.373549],[87.266811,26.386807],[87.268138,26.390894],[87.267899,26.39683],[87.26862,26.405312],[87.263076,26.409008],[87.258733,26.41081],[87.257077,26.410005],[87.255227,26.410412],[87.252449,26.409128],[87.251918,26.410366],[87.250266,26.411303],[87.250355,26.413576],[87.249099,26.413991],[87.231251,26.413373],[87.231249,26.41231],[87.229175,26.411639],[87.230123,26.411017],[87.228655,26.4105],[87.228795,26.408633],[87.226894,26.408092],[87.226521,26.408508],[87.226345,26.407161],[87.226748,26.406797],[87.225682,26.406411],[87.226198,26.405579],[87.224787,26.405322],[87.224066,26.40426],[87.22329,26.404756],[87.222941,26.403278],[87.221386,26.402865],[87.220897,26.402997],[87.221071,26.403644],[87.219695,26.406341],[87.216444,26.407357],[87.21656,26.408057],[87.213396,26.409201],[87.214434,26.410055],[87.213429,26.41125],[87.213806,26.412805],[87.18839,26.413928],[87.191513,26.40519],[87.175823,26.403059],[87.164944,26.40372],[87.150733,26.409671],[87.141499,26.414605],[87.093966,26.450016],[87.089805,26.47268],[87.082627,26.521398],[87.078398,26.537002],[87.075125,26.541642],[87.074559,26.560407],[87.075485,26.577006],[87.074237,26.585458],[87.047094,26.586955],[87.044777,26.568005],[87.022552,26.539795],[87.017732,26.53178],[86.99326,26.522808],[86.981782,26.524804],[86.977537,26.519717],[86.968135,26.521992],[86.968382,26.523326],[86.963707,26.523453],[86.961775,26.520013],[86.957608,26.520723],[86.954741,26.520151],[86.9492,26.520634],[86.947017,26.516763],[86.94228,26.516195],[86.935057,26.516429],[86.933941,26.514264],[86.930859,26.496539],[86.932293,26.489284],[86.896557,26.487451],[86.895427,26.487193],[86.896409,26.486115],[86.894094,26.485817],[86.893864,26.483587],[86.892573,26.481442],[86.893581,26.481026],[86.893977,26.479089],[86.895068,26.477779],[86.895028,26.477215],[86.894143,26.476824],[86.894185,26.476038],[86.895941,26.47604],[86.894607,26.475317],[86.895875,26.473345],[86.894869,26.471873],[86.896095,26.471738],[86.894728,26.468846],[86.895145,26.468454],[86.896915,26.468787],[86.896602,26.467572],[86.897583,26.466998],[86.89632,26.463774],[86.896172,26.46158],[86.893626,26.460989],[86.893027,26.461603],[86.89221,26.460952],[86.886968,26.46102],[86.886111,26.460394],[86.886398,26.459255],[86.884805,26.459339],[86.884125,26.458138],[86.882288,26.457597],[86.881717,26.456728],[86.880722,26.457524],[86.879334,26.456554],[86.877618,26.457289],[86.878423,26.455279],[86.876626,26.455166],[86.875375,26.453719],[86.8739,26.453697],[86.873219,26.455213],[86.871373,26.45406],[86.868926,26.454498],[86.869088,26.455943],[86.867295,26.455183],[86.868163,26.45687],[86.867673,26.457262],[86.865364,26.45677],[86.86338,26.457233],[86.864278,26.45606],[86.862403,26.455862],[86.862432,26.454199],[86.860857,26.453195],[86.861077,26.451729],[86.859528,26.451212],[86.859612,26.449281],[86.858472,26.448153],[86.854207,26.447244],[86.852114,26.448269],[86.851109,26.44778],[86.849804,26.448316],[86.848337,26.447899],[86.847686,26.446919],[86.848149,26.445942],[86.847799,26.444082],[86.849458,26.442421],[86.849269,26.441565],[86.84704,26.442272],[86.846824,26.441244],[86.845439,26.440852],[86.844979,26.439848],[86.843402,26.440482],[86.841853,26.440138],[86.841662,26.441018],[86.842558,26.441484],[86.841227,26.441459],[86.840356,26.442217],[86.839412,26.439819],[86.838539,26.439597],[86.838918,26.440428],[86.837478,26.44072],[86.836638,26.439033],[86.835851,26.438689],[86.806875,26.44599],[86.794967,26.449692],[86.776367,26.456512],[86.771525,26.459097],[86.768699,26.458971],[86.766094,26.457132],[86.764956,26.455516],[86.766589,26.45405],[86.765775,26.45329],[86.766077,26.452288],[86.767218,26.451972],[86.766541,26.450894],[86.764912,26.450477],[86.764177,26.451137],[86.762818,26.451231],[86.762662,26.447783],[86.760162,26.447632],[86.758263,26.446234],[86.755954,26.446133],[86.755168,26.445055],[86.755851,26.443075],[86.755474,26.441679],[86.752432,26.441062],[86.749664,26.435849],[86.747254,26.435339],[86.746394,26.434629],[86.746696,26.433618],[86.749508,26.433273],[86.748864,26.430573],[86.749444,26.42818],[86.745699,26.426857],[86.743144,26.424221],[86.740131,26.425328],[86.739474,26.423034],[86.735225,26.42406],[86.733331,26.421987],[86.731694,26.422447],[86.73281,26.42571],[86.731035,26.42646],[86.729678,26.424467],[86.727476,26.425833],[86.722546,26.434539],[86.702215,26.437031],[86.702385,26.438897],[86.700952,26.442447],[86.697898,26.444365],[86.698475,26.448537],[86.696838,26.448737],[86.69577,26.450849],[86.694245,26.451092],[86.692685,26.450572],[86.642421,26.463039],[86.640782,26.463586],[86.640881,26.465227],[86.639562,26.466024],[86.636839,26.465848],[86.636418,26.46434],[86.635769,26.464203],[86.634115,26.465537],[86.633948,26.467224],[86.632607,26.468322],[86.631722,26.467826],[86.632252,26.466263],[86.629839,26.466674],[86.632254,26.469222],[86.629408,26.46854],[86.628531,26.469167],[86.628722,26.47198],[86.629928,26.473759],[86.629998,26.475379],[86.631753,26.477711],[86.630953,26.477788],[86.630475,26.47863],[86.629803,26.477943],[86.63018,26.476998],[86.629407,26.476694],[86.628301,26.478444],[86.628408,26.480379],[86.626258,26.48026],[86.625592,26.481563],[86.623987,26.481405],[86.623904,26.483177],[86.623001,26.48405],[86.620934,26.483286],[86.619791,26.484229],[86.617624,26.484444],[86.616178,26.486738],[86.615231,26.486749],[86.613966,26.485285],[86.613406,26.486042],[86.591003,26.493086],[86.58304,26.493587],[86.572658,26.496158],[86.572202,26.496543],[86.572821,26.497616],[86.571408,26.497402],[86.571872,26.498209],[86.571208,26.49879],[86.568472,26.500366],[86.566813,26.500701],[86.567017,26.501679],[86.565811,26.503533],[86.565987,26.505316],[86.563764,26.509291],[86.562746,26.509226],[86.562801,26.510186],[86.556976,26.515823],[86.556571,26.518352],[86.557492,26.517475],[86.558021,26.517691],[86.55725,26.520791],[86.557644,26.521828],[86.556818,26.523895],[86.555819,26.524003],[86.554341,26.523188],[86.553333,26.524293],[86.552759,26.526765],[86.553322,26.527861],[86.552942,26.529986],[86.550598,26.530892],[86.549172,26.533643],[86.547124,26.534684],[86.544226,26.538155],[86.54191,26.538256],[86.538719,26.539545],[86.533815,26.540428],[86.530553,26.542522],[86.526245,26.543158],[86.524147,26.543167],[86.523092,26.542626],[86.518104,26.538886],[86.499681,26.541989],[86.494939,26.545738],[86.476272,26.556282],[86.457866,26.56778],[86.432815,26.57262],[86.397344,26.584814],[86.397975,26.587509],[86.399365,26.588709],[86.399274,26.593224],[86.358844,26.603916],[86.343272,26.605698],[86.341329,26.608225],[86.343072,26.61163],[86.344565,26.611149],[86.344442,26.612756],[86.345575,26.613975],[86.345842,26.615856],[86.347183,26.616433],[86.33565,26.618636],[86.32363,26.619509],[86.310217,26.619678],[86.29523,26.612947],[86.277984,26.617022],[86.255624,26.614483],[86.254807,26.61525],[86.255698,26.615625],[86.255538,26.616382],[86.254509,26.616761],[86.252901,26.614171],[86.251973,26.613913],[86.25168,26.612352],[86.250132,26.612012],[86.251417,26.609629],[86.250746,26.608339],[86.24874,26.608347],[86.248432,26.607199],[86.247266,26.609068],[86.246217,26.607975],[86.246738,26.605967],[86.244751,26.605489],[86.245553,26.602469],[86.24412,26.603265],[86.242543,26.603133],[86.242122,26.602451],[86.242365,26.600997],[86.241255,26.600734],[86.23966,26.60128],[86.239387,26.59897],[86.236871,26.597625],[86.237656,26.597074],[86.236875,26.594924],[86.236767,26.590469],[86.233677,26.592756],[86.233071,26.591139],[86.231173,26.59182],[86.229235,26.590157],[86.227094,26.590331],[86.226087,26.591029],[86.224761,26.590343],[86.22456,26.589602],[86.223749,26.589794],[86.21963,26.588119],[86.217493,26.589599],[86.217005,26.590671],[86.215481,26.590786],[86.214854,26.592214],[86.212029,26.59195],[86.210529,26.592621],[86.207718,26.596317],[86.203945,26.594101],[86.203876,26.596248],[86.202979,26.59686],[86.200288,26.593143],[86.199356,26.592928],[86.19799,26.594056],[86.197817,26.595251],[86.199063,26.597553],[86.197345,26.598062],[86.198918,26.600759],[86.197555,26.605303],[86.197799,26.607735],[86.193888,26.609613],[86.192543,26.61153],[86.193333,26.612349],[86.19547,26.61098],[86.196263,26.611515],[86.19627,26.612452],[86.194595,26.614378],[86.1909,26.614926],[86.188932,26.614691],[86.187507,26.613352],[86.184816,26.613386],[86.178312,26.615125],[86.176154,26.613645],[86.173894,26.616814],[86.172416,26.61619],[86.17003,26.614027],[86.165187,26.613753],[86.163658,26.614595],[86.158796,26.61126],[86.157408,26.609625],[86.148112,26.608385],[86.144804,26.604725],[86.13837,26.60623],[86.141577,26.616056],[86.143263,26.616349],[86.140792,26.628628],[86.12172,26.629723],[86.103071,26.636772],[86.076277,26.649418],[86.072246,26.656662],[86.070314,26.657566],[86.055201,26.659973],[86.029324,26.666373],[86.028875,26.664943],[86.02693,26.664571],[86.026493,26.663729],[86.024669,26.663475],[86.021065,26.660812],[86.015977,26.660238],[86.014183,26.659255],[86.015075,26.658097],[86.013946,26.656482],[86.01352,26.654254],[86.012138,26.65361],[86.008191,26.655982],[86.006556,26.655239],[86.005188,26.655629],[86.002129,26.654601],[85.991459,26.656417],[85.983966,26.656774],[85.981875,26.657775],[85.978213,26.65792],[85.97648,26.65679],[85.975508,26.654538],[85.972406,26.654798],[85.97218,26.653636],[85.970188,26.652753],[85.969941,26.651634],[85.968382,26.651747],[85.967383,26.652577],[85.966706,26.652364],[85.965394,26.650234],[85.963313,26.651198],[85.962502,26.651048],[85.961371,26.649031],[85.958812,26.648942],[85.958444,26.647306],[85.957048,26.646781],[85.957243,26.64505],[85.955642,26.643573],[85.956277,26.641937],[85.955866,26.640761],[85.956289,26.639078],[85.95476,26.637129],[85.955343,26.636479],[85.955533,26.634246],[85.956694,26.633404],[85.957867,26.630285],[85.957423,26.628842],[85.956294,26.628339],[85.953901,26.624021],[85.951771,26.624413],[85.951616,26.623336],[85.950483,26.622955],[85.948458,26.62088],[85.948903,26.619622],[85.948532,26.617299],[85.950233,26.616477],[85.949149,26.615339],[85.950456,26.61466],[85.950304,26.613194],[85.948729,26.613869],[85.94845,26.612716],[85.947895,26.61247],[85.944832,26.6133],[85.942626,26.612932],[85.942304,26.614284],[85.940348,26.615903],[85.939838,26.615287],[85.938249,26.615237],[85.935047,26.613209],[85.934519,26.614523],[85.932959,26.615719],[85.930849,26.616204],[85.931386,26.613924],[85.928706,26.611325],[85.929623,26.61033],[85.929467,26.609345],[85.927381,26.609514],[85.925818,26.608855],[85.924138,26.609677],[85.918206,26.608258],[85.91622,26.608595],[85.915105,26.606454],[85.915374,26.604247],[85.911946,26.604351],[85.908653,26.603268],[85.908006,26.601889],[85.904957,26.601197],[85.904432,26.600006],[85.902697,26.600067],[85.903546,26.597644],[85.902996,26.594726],[85.89978,26.594293],[85.898736,26.593412],[85.89635,26.5946],[85.894002,26.594117],[85.89339,26.59337],[85.893689,26.592314],[85.892028,26.589074],[85.891937,26.587756],[85.890635,26.585814],[85.890085,26.582878],[85.888518,26.582699],[85.887761,26.582007],[85.884734,26.583394],[85.881803,26.5835],[85.880852,26.581452],[85.878051,26.580873],[85.875,26.578353],[85.872928,26.57932],[85.871425,26.577864],[85.871521,26.57613],[85.870511,26.574633],[85.860827,26.568585],[85.860285,26.568661],[85.860667,26.570826],[85.859151,26.571735],[85.855549,26.570334],[85.854348,26.568318],[85.851429,26.568559],[85.85063,26.576561],[85.860065,26.589621],[85.853293,26.608214],[85.833499,26.611001],[85.832916,26.601331],[85.819806,26.602448],[85.80562,26.614623],[85.803687,26.623976],[85.790566,26.62605],[85.784202,26.62785],[85.771581,26.629635],[85.761974,26.635928],[85.750623,26.638641],[85.750604,26.639324],[85.749186,26.639596],[85.749298,26.640279],[85.748419,26.640339],[85.740023,26.648135],[85.738279,26.650929],[85.737741,26.651098],[85.737187,26.650037],[85.736455,26.650231],[85.737648,26.652115],[85.736269,26.652222],[85.736498,26.653068],[85.7359,26.653417],[85.734594,26.653482],[85.734518,26.655228],[85.735953,26.655529],[85.737221,26.657228],[85.737921,26.661998],[85.738748,26.66365],[85.735443,26.664221],[85.734114,26.665426],[85.732311,26.665342],[85.732213,26.666539],[85.733108,26.667147],[85.73193,26.667475],[85.731102,26.666717],[85.730515,26.667909],[85.727727,26.670114],[85.728817,26.673535],[85.727185,26.674128],[85.726149,26.673484],[85.725824,26.673946],[85.726904,26.675721],[85.727092,26.678213],[85.726643,26.679712],[85.727175,26.681727],[85.725914,26.682772],[85.727658,26.684873],[85.725637,26.686536],[85.726911,26.691983],[85.727516,26.692505],[85.726882,26.69374],[85.727591,26.695123],[85.727532,26.697056],[85.725813,26.699471],[85.727207,26.700068],[85.72677,26.702934],[85.72869,26.706194],[85.727467,26.707113],[85.727179,26.709337],[85.728478,26.710904],[85.730163,26.717505],[85.728558,26.718874],[85.728281,26.721018],[85.730336,26.724777],[85.731783,26.724892],[85.73157,26.727126],[85.730529,26.729438],[85.7318,26.729281],[85.733707,26.73032],[85.733388,26.731068],[85.732617,26.731089],[85.732932,26.732366],[85.731841,26.733225],[85.732149,26.73425],[85.732906,26.735532],[85.734698,26.735902],[85.735185,26.736953],[85.736368,26.737149],[85.731009,26.749708],[85.737294,26.777159],[85.736719,26.795582],[85.73084,26.802527],[85.73099,26.807838],[85.722984,26.820259],[85.706559,26.831916],[85.681682,26.84341],[85.644635,26.852952],[85.636676,26.871948],[85.625739,26.873302],[85.609192,26.856976],[85.587448,26.846909],[85.587002,26.847442],[85.587424,26.848768],[85.587032,26.850116],[85.588634,26.852325],[85.585948,26.856662],[85.586027,26.857872],[85.584766,26.85848],[85.584017,26.858272],[85.582712,26.857302],[85.582415,26.856063],[85.580441,26.856097],[85.580432,26.859253],[85.57893,26.85918],[85.578668,26.860077],[85.577594,26.86077],[85.574324,26.856656],[85.567969,26.840669],[85.559901,26.843734],[85.555666,26.834034],[85.54525,26.838102],[85.522061,26.81413],[85.509747,26.816525],[85.50419,26.814481],[85.503299,26.813301],[85.502078,26.813186],[85.501428,26.812117],[85.50001,26.81177],[85.501134,26.810297],[85.49904,26.809027],[85.500223,26.807495],[85.499339,26.805008],[85.499236,26.802651],[85.497741,26.801119],[85.499179,26.799216],[85.498112,26.796718],[85.482058,26.802069],[85.481186,26.801368],[85.481103,26.794067],[85.479853,26.792181],[85.475563,26.789759],[85.468887,26.788558],[85.46771,26.787675],[85.467282,26.787722],[85.467386,26.788402],[85.466693,26.788155],[85.466473,26.788615],[85.464497,26.78665],[85.460498,26.784568],[85.461504,26.783856],[85.458106,26.782718],[85.456988,26.781585],[85.455759,26.78125],[85.4555,26.781817],[85.455978,26.782259],[85.454252,26.781004],[85.434827,26.789833],[85.432947,26.786945],[85.431986,26.786319],[85.42773,26.785633],[85.42558,26.786201],[85.420056,26.790103],[85.409955,26.790951],[85.405015,26.782595],[85.400017,26.778216],[85.394639,26.775125],[85.386468,26.773877],[85.379311,26.762008],[85.378799,26.76204],[85.377482,26.760376],[85.376155,26.760322],[85.373343,26.758361],[85.371622,26.757963],[85.368109,26.758883],[85.36585,26.760099],[85.363842,26.76281],[85.357532,26.759985],[85.336753,26.74124],[85.326349,26.745085],[85.325075,26.744583],[85.324338,26.74498],[85.324091,26.746354],[85.321491,26.748725],[85.317507,26.749053],[85.316171,26.749842],[85.30991,26.75108],[85.308899,26.751908],[85.281599,26.753144],[85.262528,26.754937],[85.253683,26.758958],[85.242455,26.761611],[85.236617,26.762316],[85.233676,26.761967],[85.224736,26.759861],[85.221368,26.758479],[85.214,26.757611],[85.208119,26.761229],[85.206401,26.762922],[85.202722,26.768588],[85.19935,26.769654],[85.193869,26.781847],[85.195787,26.782257],[85.197038,26.78407],[85.196979,26.785483],[85.195316,26.788282],[85.19559,26.79029],[85.193626,26.791211],[85.188826,26.790627],[85.188318,26.79175],[85.189106,26.794765],[85.188207,26.795305],[85.184605,26.79439],[85.182569,26.795474],[85.18172,26.798089],[85.18469,26.799664],[85.184655,26.80057],[85.178973,26.809395],[85.179222,26.814865],[85.187089,26.822006],[85.189101,26.825532],[85.191209,26.827005],[85.193397,26.830947],[85.193805,26.835253],[85.194953,26.838547],[85.192917,26.846848],[85.193238,26.851972],[85.195058,26.86269],[85.194808,26.866454],[85.193769,26.868615],[85.192088,26.869814],[85.169454,26.868218],[85.163934,26.868717],[85.155947,26.870353],[85.142229,26.870867],[85.1385,26.869204],[85.137355,26.867562],[85.136374,26.867516],[85.128404,26.869511],[85.125643,26.871144],[85.113359,26.87218],[85.113017,26.871084],[85.111768,26.870618],[85.107713,26.871259],[85.107026,26.870565],[85.101707,26.8708],[85.098302,26.866783],[85.093884,26.867589],[85.092486,26.868834],[85.092055,26.868749],[85.092011,26.867633],[85.090805,26.868089],[85.091242,26.867075],[85.08978,26.866743],[85.088905,26.867108],[85.088035,26.866251],[85.087904,26.864262],[85.08929,26.862227],[85.091184,26.861023],[85.091563,26.859294],[85.089239,26.85894],[85.088876,26.858507],[85.089677,26.857641],[85.089654,26.85647],[85.086558,26.855181],[85.08964,26.85381],[85.08942,26.852609],[85.085884,26.853507],[85.085062,26.854466],[85.085657,26.856336],[85.084538,26.856408],[85.084853,26.855607],[85.083333,26.855307],[85.083734,26.856847],[85.082134,26.85625],[85.080816,26.857274],[85.080481,26.858519],[85.079279,26.858312],[85.078995,26.857639],[85.08076,26.856322],[85.08043,26.855528],[85.07932,26.855432],[85.079274,26.856696],[85.078628,26.856701],[85.078293,26.85544],[85.076632,26.855733],[85.074662,26.854908],[85.073511,26.855301],[85.073151,26.853967],[85.068658,26.85371],[85.067877,26.853001],[85.068098,26.850711],[85.066157,26.84939],[85.064856,26.849783],[85.063772,26.853583],[85.067108,26.855961],[85.06686,26.856572],[85.065858,26.856859],[85.064708,26.856143],[85.065723,26.857465],[85.064909,26.857933],[85.063129,26.856487],[85.064689,26.855304],[85.062987,26.85364],[85.061304,26.853942],[85.06012,26.855815],[85.05963,26.855218],[85.059987,26.853931],[85.058944,26.852303],[85.060665,26.849804],[85.059617,26.848891],[85.045685,26.850723],[85.031866,26.85358],[85.024219,26.854599],[85.024661,26.856211],[85.028159,26.857409],[85.028733,26.858603],[85.030458,26.858557],[85.030957,26.859034],[85.0311,26.862131],[85.029557,26.862607],[85.028805,26.866248],[85.02924,26.867095],[85.032372,26.867413],[85.030101,26.870361],[85.031479,26.874999],[85.032305,26.875135],[85.033739,26.874177],[85.035061,26.874736],[85.03634,26.874397],[85.038307,26.874827],[85.039562,26.875567],[85.038968,26.877126],[85.03965,26.877807],[85.04048,26.877418],[85.041695,26.874999],[85.043892,26.87431],[85.044297,26.874916],[85.043565,26.877194],[85.045342,26.879383],[85.046628,26.879635],[85.048102,26.878291],[85.052577,26.879774],[85.054435,26.880992],[85.054757,26.881676],[85.054313,26.882347],[85.052035,26.882059],[85.050363,26.884012],[85.050575,26.884938],[85.051499,26.885013],[85.05178,26.883738],[85.052854,26.882942],[85.054311,26.884567],[85.056045,26.884455],[85.056844,26.883235],[85.056939,26.881337],[85.057388,26.881171],[85.062066,26.885096],[85.062441,26.886668],[85.061634,26.887038],[85.061528,26.885463],[85.060872,26.885064],[85.056493,26.886693],[85.053963,26.885924],[85.053337,26.886454],[85.05339,26.887302],[85.055396,26.888779],[85.038038,26.891153],[85.024725,26.891491],[85.021876,26.892846],[85.006076,26.894818],[85.003551,26.89714],[84.994924,26.902633],[84.99534,26.905338],[84.998029,26.906361],[84.998974,26.906059],[85,26.904549],[85.00257,26.904251],[85.004404,26.903134],[85.004217,26.905158],[85.002832,26.906275],[85.003314,26.907366],[85.002754,26.908564],[85.003949,26.909566],[85.001712,26.911906],[84.96981,26.915986],[84.972876,26.916813],[84.97314,26.918082],[84.972373,26.920082],[84.974056,26.921713],[84.971603,26.924711],[84.971742,26.925276],[84.974091,26.925912],[84.972364,26.928713],[84.974264,26.929384],[84.976014,26.931678],[84.978778,26.931794],[84.979204,26.933982],[84.980402,26.935605],[84.980293,26.936267],[84.97701,26.939302],[84.980465,26.940021],[84.970227,26.95442],[84.967989,26.956272],[84.968081,26.95805],[84.967097,26.957657],[84.96564,26.958398],[84.964509,26.96022],[84.958835,26.96076],[84.9581,26.959648],[84.955527,26.95946],[84.953336,26.960786],[84.936519,26.967264],[84.931601,26.968416],[84.929723,26.967596],[84.926949,26.967921],[84.926219,26.967298],[84.91943,26.968701],[84.912127,26.967711],[84.90411,26.969953],[84.901599,26.96957],[84.898757,26.972416],[84.897804,26.972675],[84.894259,26.972022],[84.894034,26.970986],[84.895027,26.969303],[84.893628,26.969551],[84.892354,26.971078],[84.892839,26.97445],[84.891051,26.975455],[84.890747,26.977248],[84.873655,26.981652],[84.871129,26.98252],[84.871219,26.983711],[84.869764,26.983779],[84.86979,26.982883],[84.866946,26.983934],[84.864076,26.98684],[84.86104,26.987709],[84.861194,26.988857],[84.85905,26.987121],[84.85882,26.986193],[84.858259,26.986284],[84.857545,26.987972],[84.859548,26.990406],[84.857061,26.992276],[84.857673,26.992976],[84.859421,26.99207],[84.859855,26.992335],[84.8602,26.994998],[84.858963,26.996145],[84.859984,26.997443],[84.857355,26.997902],[84.856552,26.998579],[84.85534,26.997844],[84.852738,26.997715],[84.852278,26.998118],[84.854013,26.999163],[84.853919,27.000448],[84.854819,27.001532],[84.853714,27.001625],[84.854008,27.002259],[84.853394,27.002768],[84.855033,27.005798],[84.857523,27.006945],[84.856874,27.007958],[84.840636,27.013805],[84.834658,27.016952],[84.831898,27.01925],[84.829953,27.019526],[84.827758,27.020655],[84.82622,27.020455],[84.824787,27.021054],[84.821822,27.020268],[84.818922,27.02054],[84.815638,27.017946],[84.815044,27.020125],[84.814226,27.02052],[84.813779,27.019936],[84.814488,27.01823],[84.8146,27.015603],[84.813059,27.015919],[84.812771,27.018048],[84.811222,27.017972],[84.809099,27.014423],[84.809759,27.013508],[84.812289,27.014809],[84.81307,27.013592],[84.81203,27.010656],[84.811231,27.010775],[84.810287,27.011889],[84.808926,27.01027],[84.80909,27.007947],[84.810482,27.007528],[84.803539,27.004133],[84.803509,27.002498],[84.80243,27.000468],[84.801723,27.000822],[84.801241,27.003251],[84.799289,27.003912],[84.798843,27.00245],[84.797977,27.002281],[84.798765,27.001329],[84.798566,27.000249],[84.796931,26.998807],[84.795742,26.995546],[84.792745,26.997129],[84.793115,26.998129],[84.79414,26.997751],[84.793088,26.999368],[84.792027,26.998735],[84.792093,26.99714],[84.791667,26.996901],[84.790583,26.997001],[84.790607,26.998563],[84.788472,26.998264],[84.789953,27.002845],[84.789128,27.005169],[84.790263,27.005759],[84.790962,27.008679],[84.788963,27.008668],[84.788455,27.01065],[84.787984,27.010725],[84.787441,27.007763],[84.786392,27.007773],[84.784688,27.011307],[84.784808,27.01389],[84.77524,27.017567],[84.773135,27.016945],[84.769429,27.013668],[84.766874,27.012707],[84.762734,27.004902],[84.758923,27.002585],[84.731832,27.014706],[84.729768,27.013252],[84.725575,27.013427],[84.723553,27.014067],[84.721505,27.015213],[84.7216,27.016724],[84.721069,27.01728],[84.719302,27.017323],[84.719383,27.018559],[84.71874,27.019544],[84.7167,27.019678],[84.716215,27.021233],[84.714873,27.021585],[84.713786,27.020954],[84.711756,27.021202],[84.703591,27.02676],[84.682071,27.031979],[84.644997,27.04617],[84.644909,27.048271],[84.646565,27.048796],[84.645561,27.049511],[84.645303,27.050652],[84.646546,27.051292],[84.648486,27.051114],[84.647487,27.053944],[84.647612,27.055092],[84.64676,27.055991],[84.647917,27.058362],[84.646507,27.058276],[84.645126,27.059436],[84.646709,27.061385],[84.6464,27.062519],[84.647478,27.063683],[84.64562,27.065731],[84.64687,27.066301],[84.6482,27.070048],[84.649575,27.070879],[84.649248,27.072108],[84.648433,27.072736],[84.649002,27.074618],[84.648476,27.075327],[84.649725,27.076314],[84.649781,27.075332],[84.650836,27.074476],[84.650882,27.076065],[84.651806,27.077017],[84.653037,27.076996],[84.65426,27.078161],[84.65524,27.077441],[84.655538,27.078392],[84.654562,27.079882],[84.655166,27.080472],[84.6582,27.078903],[84.660053,27.080161],[84.660428,27.07934],[84.660916,27.080157],[84.660506,27.080869],[84.656284,27.081693],[84.656098,27.082479],[84.657316,27.084082],[84.659066,27.082404],[84.659962,27.082323],[84.660818,27.084172],[84.663642,27.084869],[84.665096,27.0866],[84.666174,27.085825],[84.666953,27.086144],[84.665793,27.087194],[84.665387,27.088959],[84.666193,27.089032],[84.66821,27.087431],[84.668671,27.090261],[84.670777,27.089608],[84.672505,27.090714],[84.672426,27.091437],[84.669019,27.092719],[84.666629,27.092308],[84.6663,27.09298],[84.666946,27.094396],[84.66974,27.093332],[84.671772,27.095578],[84.67209,27.097908],[84.675983,27.095538],[84.676812,27.096213],[84.676527,27.099302],[84.677581,27.101181],[84.677736,27.102999],[84.677328,27.104113],[84.675946,27.105029],[84.675853,27.106779],[84.676975,27.108506],[84.676151,27.108788],[84.673165,27.106981],[84.672435,27.107937],[84.672063,27.110157],[84.673815,27.111396],[84.674813,27.113817],[84.677344,27.113898],[84.679145,27.114943],[84.679169,27.118901],[84.677422,27.120572],[84.677765,27.123222],[84.679671,27.124199],[84.679266,27.125074],[84.680546,27.125986],[84.680076,27.126623],[84.681064,27.127184],[84.679978,27.129083],[84.681347,27.132479],[84.67992,27.132249],[84.679529,27.133117],[84.680401,27.13465],[84.682208,27.135708],[84.68348,27.139484],[84.685733,27.143382],[84.684896,27.146292],[84.685391,27.149731],[84.682876,27.150919],[84.68253,27.151753],[84.684626,27.152433],[84.684493,27.154002],[84.686107,27.155075],[84.687013,27.156915],[84.688917,27.158282],[84.686517,27.160602],[84.683678,27.159041],[84.681566,27.161059],[84.67909,27.162324],[84.679528,27.166241],[84.682387,27.16715],[84.683072,27.168564],[84.682025,27.169995],[84.678259,27.169388],[84.677429,27.170672],[84.678266,27.172011],[84.682966,27.175012],[84.684482,27.177267],[84.685859,27.177683],[84.683908,27.178595],[84.683658,27.179812],[84.684947,27.180341],[84.686757,27.179867],[84.68745,27.180286],[84.687316,27.1812],[84.685736,27.181853],[84.686584,27.18281],[84.686103,27.183889],[84.683536,27.183218],[84.682953,27.184121],[84.683743,27.185613],[84.681866,27.184729],[84.681396,27.185426],[84.684052,27.188166],[84.685725,27.196349],[84.685143,27.19802],[84.683291,27.199125],[84.682698,27.20043],[84.685658,27.203345],[84.686325,27.205519],[84.687915,27.206127],[84.688073,27.206628],[84.687554,27.206788],[84.6882,27.207453],[84.687944,27.208172],[84.689445,27.208857],[84.689166,27.210327],[84.688222,27.210404],[84.686957,27.211911],[84.686867,27.212792],[84.687349,27.213146],[84.687838,27.212543],[84.68898,27.213048],[84.689828,27.214851],[84.69313,27.214751],[84.691643,27.217981],[84.691725,27.223256],[84.689204,27.223758],[84.687397,27.226211],[84.687858,27.228774],[84.686809,27.230955],[84.685755,27.231833],[84.684101,27.236413],[84.68332,27.236724],[84.674072,27.254723],[84.651266,27.295722],[84.634275,27.32288],[84.624525,27.336086],[84.620571,27.337598],[84.61187,27.336422],[84.610638,27.336053],[84.609915,27.335169],[84.603748,27.338477],[84.601942,27.338297],[84.596003,27.34025],[84.594028,27.340107],[84.591496,27.341041],[84.588633,27.341087],[84.587043,27.342122],[84.583475,27.342487],[84.580174,27.343902],[84.576254,27.344456],[84.56718,27.347318],[84.564525,27.347211],[84.555641,27.348883],[84.549846,27.348403],[84.543729,27.349162],[84.540439,27.350238],[84.535743,27.349906],[84.531996,27.3511],[84.529536,27.350923],[84.528416,27.351872],[84.52516,27.352072],[84.522944,27.353445],[84.520284,27.352404],[84.517552,27.352556],[84.51482,27.352986],[84.512525,27.354326],[84.505869,27.354454],[84.504553,27.355557],[84.501009,27.355604],[84.488023,27.358313],[84.47856,27.362281],[84.477586,27.361971],[84.477194,27.360683],[84.475225,27.358443],[84.474328,27.355291],[84.47336,27.354791],[84.471753,27.354966],[84.468251,27.356548],[84.46822,27.357695],[84.46689,27.359516],[84.463996,27.359126],[84.462425,27.36037],[84.460859,27.360621],[84.459885,27.361897],[84.448585,27.36352],[84.446814,27.364913],[84.446017,27.368389],[84.443322,27.369988],[84.437458,27.369323],[84.432838,27.370937],[84.430236,27.37065],[84.426378,27.371765],[84.424594,27.371303],[84.422477,27.369653],[84.420064,27.369503],[84.417853,27.370617],[84.416164,27.370561],[84.414513,27.369077],[84.4125,27.368289],[84.40821,27.370165],[84.40267,27.369974],[84.400935,27.36923],[84.399176,27.370148],[84.393968,27.367956],[84.389744,27.372125],[84.37497,27.376419],[84.373822,27.375052],[84.358266,27.373231],[84.350188,27.373967],[84.339934,27.377607],[84.336855,27.376945],[84.334713,27.377182],[84.332822,27.379067],[84.330762,27.380015],[84.326136,27.38017],[84.324396,27.381311],[84.31966,27.381925],[84.315898,27.385005],[84.3127,27.386521],[84.306784,27.387665],[84.302681,27.39021],[84.301829,27.389328],[84.299777,27.388614],[84.299165,27.38693],[84.296994,27.384209],[84.294251,27.384619],[84.291003,27.387491],[84.289276,27.390218],[84.287451,27.391281],[84.2866,27.394412],[84.285334,27.395094],[84.2846,27.396314],[84.28231,27.396249],[84.279061,27.395149],[84.278525,27.395433],[84.277661,27.400855],[84.27945,27.402638],[84.281271,27.406466],[84.279692,27.409556],[84.280448,27.41231],[84.280282,27.415442],[84.275703,27.421127],[84.275604,27.422887],[84.274449,27.42562],[84.274726,27.428607],[84.270144,27.431461],[84.268153,27.434247],[84.264033,27.435284],[84.260775,27.438547],[84.26035,27.440917],[84.261653,27.444157],[84.261599,27.44561],[84.25686,27.449173],[84.256274,27.450223],[84.256368,27.451868],[84.252759,27.453254],[84.248241,27.452858],[84.246239,27.454482],[84.241283,27.452317],[84.238982,27.453476],[84.237292,27.453572],[84.2338,27.456094],[84.229115,27.450839],[84.226151,27.450181],[84.22304,27.447442],[84.223098,27.442561],[84.22165,27.440201],[84.218623,27.441334],[84.214651,27.441026],[84.210659,27.442395],[84.208731,27.446399],[84.210431,27.45271],[84.209474,27.454016],[84.209899,27.45608],[84.205993,27.459385],[84.210953,27.465159],[84.20793,27.469473],[84.203795,27.470506],[84.201708,27.471901],[84.199141,27.472221],[84.19795,27.471733],[84.196589,27.473059],[84.193237,27.469039],[84.190833,27.471903],[84.186191,27.472268],[84.18202,27.474564],[84.180961,27.473715],[84.178184,27.473617],[84.175858,27.475222],[84.173675,27.475491],[84.17369,27.477991],[84.173209,27.478903],[84.169634,27.479447],[84.169268,27.481621],[84.165739,27.483615],[84.161943,27.484384],[84.159835,27.48343],[84.15786,27.484044],[84.155808,27.483836],[84.154031,27.485844],[84.151015,27.485742],[84.150937,27.488813],[84.147512,27.492677],[84.148338,27.495299],[84.146524,27.496715],[84.150904,27.500344],[84.152051,27.500726],[84.150449,27.502829],[84.151513,27.504148],[84.150801,27.505575],[84.151718,27.506758],[84.151393,27.509148],[84.153386,27.509983],[84.152405,27.510927],[84.15284,27.511624],[84.151993,27.5123],[84.153203,27.516245],[84.153002,27.516683],[84.149354,27.517073],[84.147998,27.518604],[84.145808,27.516905],[84.143717,27.517756],[84.140431,27.517439],[84.139114,27.515926],[84.136834,27.514455],[84.135801,27.514783],[84.133706,27.512605],[84.131928,27.511718],[84.131344,27.512055],[84.126279,27.510868],[84.124725,27.511855],[84.121332,27.512438],[84.120933,27.513267],[84.119628,27.513485],[84.11945,27.5177],[84.118752,27.519075],[84.11596,27.5191],[84.114762,27.519872],[84.113013,27.519231],[84.110744,27.521552],[84.107255,27.520634],[84.10291,27.517557],[84.099951,27.517032],[84.099741,27.515337],[84.101106,27.513355],[84.101848,27.510218],[84.101396,27.508557],[84.100627,27.507892],[84.100823,27.505392],[84.099295,27.504829],[84.100799,27.502323],[84.100226,27.501723],[84.099688,27.496967],[84.098594,27.494415],[84.097561,27.489393],[84.095814,27.488444],[84.093526,27.48866],[84.092973,27.488178],[84.09299,27.485901],[84.091748,27.486102],[84.086127,27.48306],[84.08459,27.482763],[84.082379,27.483861],[84.080237,27.483849],[84.079026,27.482579],[84.076951,27.482262],[84.076425,27.480843],[84.074909,27.480318],[84.073752,27.480406],[84.073573,27.48144],[84.072844,27.481551],[84.071148,27.479169],[84.070293,27.476062],[84.070527,27.473232],[84.069358,27.472078],[84.068778,27.469451],[84.064172,27.466746],[84.064271,27.465024],[84.062881,27.461782],[84.061127,27.461658],[84.060617,27.461022],[84.061409,27.458253],[84.063714,27.456794],[84.063852,27.455707],[84.06305,27.45448],[84.060511,27.453531],[84.060591,27.45187],[84.059638,27.450796],[84.056784,27.449195],[84.055973,27.446709],[84.054598,27.444866],[84.05417,27.442551],[84.045748,27.443147],[84.045393,27.442132],[84.040979,27.442503],[84.037722,27.44067],[84.036239,27.441408],[84.035409,27.440887],[84.033799,27.441433],[84.033117,27.438811],[84.029922,27.439577],[84.027987,27.438248],[84.029556,27.435274],[84.029295,27.433439],[84.02758,27.433774],[84.024807,27.432858],[84.023195,27.433535],[84.02168,27.43544],[84.020713,27.435853],[84.018928,27.434461],[84.017878,27.43457],[84.014009,27.438657],[84.013325,27.438596],[84.012436,27.437497],[84.011324,27.437432],[84.009692,27.440311],[84.00801,27.439341],[84.007366,27.43949],[84.0081,27.441121],[84.007322,27.442035],[84.005896,27.441126],[84.004475,27.441977],[84.003786,27.440133],[84.000879,27.44195],[84.00091,27.440916],[84.000208,27.440451],[83.999135,27.443486],[83.999472,27.445226],[83.998255,27.445966],[83.996741,27.445885],[83.993716,27.443983],[83.98943,27.443319],[83.986081,27.443668],[83.980885,27.439505],[83.979647,27.439118],[83.979282,27.439425],[83.980024,27.440958],[83.97989,27.442257],[83.977066,27.442729],[83.974719,27.441882],[83.9718,27.444515],[83.968179,27.4464],[83.966855,27.446053],[83.964664,27.443771],[83.962418,27.444073],[83.959901,27.44288],[83.952195,27.442043],[83.948014,27.440963],[83.946237,27.441993],[83.94527,27.443293],[83.945308,27.444383],[83.946305,27.445782],[83.944268,27.447539],[83.941422,27.448682],[83.937902,27.448083],[83.933285,27.449374],[83.915522,27.441231],[83.909322,27.439402],[83.884419,27.434913],[83.878584,27.432886],[83.87143,27.429455],[83.86952,27.427345],[83.869485,27.424461],[83.872311,27.417924],[83.873524,27.412262],[83.877645,27.405473],[83.874899,27.392157],[83.880877,27.390986],[83.887338,27.39073],[83.895705,27.389543],[83.907324,27.389533],[83.908305,27.38605],[83.908436,27.382728],[83.905579,27.376263],[83.901392,27.371792],[83.899409,27.369954],[83.894189,27.367522],[83.894285,27.366371],[83.893086,27.363371],[83.893443,27.362523],[83.892379,27.361056],[83.889965,27.359334],[83.889887,27.35817],[83.886696,27.357614],[83.883325,27.355003],[83.873485,27.351578],[83.868087,27.347493],[83.864834,27.346452],[83.832051,27.370099],[83.616867,27.46935],[83.3909,27.479493],[83.390813,27.478946],[83.391716,27.478298],[83.393931,27.477608],[83.394407,27.476261],[83.39387,27.475189],[83.392109,27.474473],[83.392038,27.47339],[83.391008,27.472961],[83.390659,27.4705],[83.392686,27.470971],[83.396111,27.469364],[83.397609,27.469494],[83.39756,27.466592],[83.400029,27.465382],[83.401447,27.465519],[83.403388,27.467116],[83.404592,27.466165],[83.404542,27.465566],[83.40184,27.46342],[83.401965,27.459781],[83.403982,27.45745],[83.400749,27.448864],[83.398067,27.446489],[83.393647,27.446581],[83.392036,27.444705],[83.385968,27.442194],[83.386136,27.440683],[83.387519,27.440574],[83.388421,27.439127],[83.388122,27.437853],[83.386744,27.437428],[83.38628,27.436002],[83.389055,27.432505],[83.390635,27.43179],[83.392258,27.430069],[83.393838,27.429572],[83.393664,27.427649],[83.395273,27.424508],[83.396798,27.423899],[83.397841,27.422333],[83.403134,27.420747],[83.403061,27.42002],[83.401586,27.419901],[83.40181,27.418931],[83.404415,27.419462],[83.407612,27.418622],[83.409177,27.415109],[83.410219,27.414757],[83.410898,27.415288],[83.411427,27.414775],[83.411736,27.412813],[83.410786,27.411995],[83.409132,27.412272],[83.408188,27.411275],[83.408665,27.409323],[83.407585,27.405313],[83.404482,27.400717],[83.402621,27.399665],[83.401853,27.398357],[83.399558,27.397821],[83.398655,27.395859],[83.394666,27.39551],[83.390358,27.391456],[83.388079,27.391043],[83.386859,27.390178],[83.387105,27.38576],[83.390095,27.383537],[83.388495,27.380344],[83.390149,27.375692],[83.38847,27.374405],[83.386921,27.372117],[83.384882,27.370774],[83.382351,27.369964],[83.376825,27.369771],[83.37485,27.366826],[83.374392,27.364746],[83.374419,27.363559],[83.375692,27.361737],[83.3761,27.360028],[83.375803,27.357112],[83.3752,27.356752],[83.373925,27.357685],[83.371734,27.357967],[83.370082,27.355565],[83.36812,27.355069],[83.366613,27.355583],[83.363509,27.352266],[83.359987,27.350573],[83.359828,27.349895],[83.361285,27.347966],[83.361242,27.343062],[83.357969,27.34443],[83.353184,27.342423],[83.352966,27.341481],[83.354761,27.340072],[83.353235,27.339424],[83.350994,27.339583],[83.348797,27.338253],[83.346075,27.338028],[83.345938,27.336281],[83.344558,27.334453],[83.342441,27.334296],[83.339594,27.332611],[83.33702,27.333501],[83.333773,27.332516],[83.330948,27.334246],[83.329036,27.333883],[83.328464,27.334792],[83.327156,27.335061],[83.326546,27.336626],[83.323724,27.33631],[83.320241,27.337216],[83.319785,27.336727],[83.320651,27.335731],[83.318603,27.334521],[83.317525,27.332654],[83.31785,27.331929],[83.319813,27.330824],[83.319578,27.329963],[83.317761,27.331218],[83.312889,27.332119],[83.310129,27.333362],[83.306791,27.331207],[83.30252,27.334263],[83.29675,27.333187],[83.296389,27.334713],[83.29364,27.334805],[83.294598,27.336184],[83.274813,27.352463],[83.267644,27.365364],[83.2743,27.383432],[83.242123,27.406356],[83.228176,27.411485],[83.219658,27.417115],[83.212522,27.424142],[83.198012,27.445899],[83.18988,27.454237],[83.177503,27.455193],[83.170888,27.457099],[83.166504,27.457461],[83.112306,27.454175],[83.07685,27.452611],[83.070369,27.451153],[83.036136,27.448691],[83.021,27.453847],[82.98822,27.460664],[82.968604,27.464085],[82.956204,27.467761],[82.946741,27.476866],[82.941548,27.491156],[82.931423,27.500996],[82.915294,27.501162],[82.881785,27.49848],[82.872335,27.498429],[82.851049,27.499315],[82.834423,27.501882],[82.803904,27.496346],[82.787281,27.500017],[82.737382,27.502495],[82.737109,27.508253],[82.739577,27.508433],[82.738596,27.509498],[82.739208,27.511809],[82.738612,27.512955],[82.739398,27.513578],[82.738153,27.515062],[82.738737,27.517872],[82.740683,27.518566],[82.742711,27.517973],[82.743176,27.516922],[82.745073,27.516537],[82.745343,27.517194],[82.744107,27.518027],[82.744023,27.520963],[82.744985,27.52132],[82.745492,27.520442],[82.748214,27.520893],[82.749051,27.519402],[82.751435,27.522655],[82.749495,27.523037],[82.749848,27.523983],[82.751302,27.524458],[82.750457,27.526563],[82.749677,27.526978],[82.748427,27.525714],[82.748284,27.526712],[82.748957,27.527815],[82.747117,27.528793],[82.749032,27.530139],[82.749187,27.531389],[82.748543,27.531324],[82.747852,27.530012],[82.746482,27.529631],[82.746111,27.530012],[82.747361,27.531311],[82.747028,27.532075],[82.746488,27.532283],[82.745983,27.531509],[82.745413,27.532329],[82.744,27.531928],[82.744815,27.533628],[82.746298,27.533605],[82.746526,27.534203],[82.745774,27.535712],[82.744477,27.536274],[82.743627,27.535573],[82.742492,27.536831],[82.743758,27.537034],[82.744249,27.538826],[82.743441,27.539759],[82.745116,27.541333],[82.743744,27.541127],[82.743167,27.542464],[82.744599,27.543055],[82.743433,27.543428],[82.742663,27.544648],[82.743868,27.546139],[82.743027,27.546323],[82.74098,27.545149],[82.739759,27.546442],[82.740253,27.548004],[82.742176,27.548829],[82.742957,27.549799],[82.742607,27.550256],[82.740435,27.550347],[82.740659,27.551272],[82.740135,27.551881],[82.74201,27.551499],[82.743012,27.552065],[82.742867,27.553196],[82.743717,27.553935],[82.747325,27.554119],[82.749055,27.554883],[82.74885,27.555667],[82.746062,27.558363],[82.745534,27.560736],[82.746506,27.561893],[82.751995,27.563569],[82.753256,27.565094],[82.753339,27.566625],[82.750328,27.569966],[82.749698,27.571793],[82.751226,27.574105],[82.750787,27.576067],[82.752961,27.576822],[82.752809,27.579647],[82.754383,27.584686],[82.755206,27.585499],[82.757656,27.586329],[82.757787,27.587575],[82.756757,27.589157],[82.752176,27.593344],[82.746881,27.595146],[82.747363,27.600134],[82.745474,27.601859],[82.744192,27.60451],[82.739165,27.606986],[82.736857,27.609472],[82.738222,27.611249],[82.736523,27.614527],[82.737099,27.616123],[82.735024,27.618785],[82.735839,27.620155],[82.738058,27.620753],[82.738645,27.621543],[82.737926,27.62238],[82.734922,27.622712],[82.732741,27.623851],[82.733631,27.6245],[82.73672,27.624226],[82.738643,27.625952],[82.735586,27.628392],[82.736831,27.629631],[82.739005,27.630382],[82.740162,27.631811],[82.739959,27.632461],[82.738602,27.632927],[82.73698,27.635401],[82.73742,27.636057],[82.739254,27.636593],[82.739542,27.637401],[82.739693,27.640143],[82.738237,27.642964],[82.73682,27.643141],[82.735351,27.642511],[82.734725,27.644268],[82.735753,27.645734],[82.735016,27.646244],[82.732979,27.644994],[82.730067,27.645419],[82.730633,27.64772],[82.732802,27.647743],[82.733349,27.648853],[82.732409,27.650189],[82.732406,27.652578],[82.730773,27.654569],[82.729158,27.655272],[82.727544,27.658233],[82.725878,27.658953],[82.722339,27.657147],[82.721424,27.65761],[82.720988,27.658865],[82.722456,27.66093],[82.722288,27.661492],[82.716194,27.662453],[82.714772,27.663167],[82.713705,27.664912],[82.713928,27.665742],[82.716909,27.666144],[82.717819,27.667899],[82.717386,27.668872],[82.715244,27.669806],[82.715172,27.670749],[82.71794,27.672367],[82.71816,27.675449],[82.716231,27.677001],[82.717227,27.679021],[82.71681,27.681264],[82.720248,27.687272],[82.717656,27.691641],[82.711894,27.695231],[82.709056,27.699067],[82.707848,27.702693],[82.707172,27.706082],[82.707597,27.711061],[82.709608,27.717223],[82.709961,27.721707],[82.707108,27.716392],[82.703909,27.716182],[82.701201,27.721799],[82.697234,27.718206],[82.691206,27.714945],[82.682636,27.71358],[82.673612,27.714072],[82.668455,27.715484],[82.666158,27.721912],[82.657181,27.71313],[82.640463,27.708936],[82.629768,27.711337],[82.629485,27.709006],[82.625102,27.704845],[82.620788,27.702083],[82.606982,27.705785],[82.602037,27.704047],[82.599385,27.700391],[82.595623,27.696759],[82.593106,27.69669],[82.586868,27.698427],[82.563837,27.691611],[82.55647,27.688327],[82.551412,27.68866],[82.545429,27.686903],[82.543084,27.685554],[82.540667,27.687468],[82.532893,27.686396],[82.518184,27.690253],[82.502237,27.684838],[82.494415,27.684022],[82.491995,27.681059],[82.485936,27.680618],[82.48384,27.682642],[82.475149,27.67633],[82.450666,27.678544],[82.438984,27.684918],[82.429214,27.68811],[82.414799,27.69806],[82.403553,27.702716],[82.394883,27.709687],[82.384275,27.720174],[82.369085,27.742505],[82.338504,27.754655],[82.305807,27.772462],[82.254677,27.80999],[82.232392,27.820641],[82.210172,27.842977],[82.178967,27.854584],[82.155897,27.866056],[82.151905,27.857782],[82.14133,27.859787],[82.125246,27.864892],[82.124122,27.865693],[82.116112,27.877425],[82.102797,27.885993],[82.093293,27.894527],[82.091978,27.899273],[82.082443,27.908977],[82.07285,27.922506],[82.064385,27.921583],[82.046992,27.924363],[82.027424,27.924964],[81.993062,27.929086],[81.979615,27.928392],[81.970099,27.92883],[81.963594,27.923034],[81.961195,27.916275],[81.952821,27.910088],[81.949619,27.903389],[81.939983,27.893622],[81.93992,27.887804],[81.9319,27.882523],[81.927277,27.875672],[81.928025,27.859648],[81.918167,27.856819],[81.90703,27.854997],[81.903065,27.853539],[81.89472,27.855908],[81.887347,27.85687],[81.884391,27.859113],[81.879827,27.86548],[81.875447,27.869287],[81.867886,27.874818],[81.857164,27.881214],[81.849442,27.887087],[81.841873,27.890942],[81.834584,27.897947],[81.827315,27.900461],[81.826248,27.901779],[81.822999,27.903337],[81.81954,27.903434],[81.815436,27.904442],[81.811116,27.90308],[81.80675,27.903257],[81.791078,27.916184],[81.700165,27.98809],[81.69512,27.989361],[81.645296,27.99371],[81.641096,27.997015],[81.637883,27.997341],[81.629816,28.00148],[81.626173,28.001271],[81.621078,28.008503],[81.618906,28.010298],[81.615317,28.011604],[81.600388,28.019829],[81.588472,28.024677],[81.577227,28.030995],[81.56101,28.042112],[81.549113,28.049098],[81.497804,28.072899],[81.480211,28.08244],[81.48025,28.091192],[81.481579,28.109998],[81.485846,28.118153],[81.474471,28.125508],[81.46947,28.127109],[81.451742,28.140785],[81.451925,28.150559],[81.44777,28.155875],[81.44884,28.157784],[81.448934,28.159149],[81.448744,28.160201],[81.447668,28.161225],[81.430794,28.168966],[81.428304,28.170573],[81.416662,28.174156],[81.411289,28.174547],[81.391723,28.173679],[81.37649,28.176858],[81.375246,28.175404],[81.375822,28.173049],[81.374271,28.172855],[81.373849,28.171617],[81.37157,28.170475],[81.368688,28.16526],[81.369426,28.163969],[81.36877,28.162721],[81.370204,28.160892],[81.378914,28.158616],[81.378982,28.157285],[81.380156,28.155411],[81.379264,28.154599],[81.379636,28.152662],[81.378409,28.151504],[81.378489,28.149633],[81.376927,28.148565],[81.37308,28.142292],[81.369612,28.141338],[81.367531,28.141702],[81.343932,28.139476],[81.336229,28.1401],[81.322497,28.133729],[81.319806,28.133458],[81.317217,28.136878],[81.320135,28.145138],[81.329693,28.148186],[81.321949,28.160163],[81.312424,28.155481],[81.311517,28.160596],[81.310247,28.161496],[81.304887,28.16293],[81.303748,28.164307],[81.303587,28.165988],[81.303997,28.167704],[81.30623,28.168417],[81.316035,28.167577],[81.323026,28.168737],[81.326529,28.174953],[81.320135,28.182288],[81.322372,28.19717],[81.314883,28.205768],[81.301384,28.21976],[81.293684,28.222789],[81.287867,28.228444],[81.259591,28.259448],[81.234496,28.288899],[81.236338,28.324567],[81.221332,28.344797],[81.215167,28.358196],[81.212421,28.360501],[81.16805,28.368857],[81.134985,28.373853],[81.091114,28.382025],[81.0872,28.383176],[81.081575,28.384868],[81.047691,28.409935],[81.036574,28.413295],[81.034071,28.398682],[81.02276,28.41027],[81.018491,28.4157],[81.035517,28.427857],[81.031328,28.438487],[81.020954,28.431617],[81.014736,28.438159],[81.019206,28.451571],[81.00145,28.453939],[80.990923,28.441582],[80.979593,28.442427],[80.980836,28.434284],[80.966952,28.437718],[80.969825,28.442817],[80.966575,28.444547],[80.981576,28.455193],[80.968786,28.456928],[80.965817,28.449522],[80.953481,28.44747],[80.953332,28.455526],[80.946452,28.454664],[80.934012,28.458535],[80.946983,28.466063],[80.94428,28.468377],[80.934115,28.462991],[80.932317,28.457553],[80.919318,28.45968],[80.921296,28.463688],[80.916206,28.467749],[80.917374,28.457578],[80.912449,28.461021],[80.907442,28.465721],[80.903152,28.485634],[80.908705,28.489615],[80.910342,28.497513],[80.901486,28.500436],[80.897834,28.505591],[80.887514,28.507126],[80.877565,28.509701],[80.863288,28.504085],[80.86727,28.489502],[80.857008,28.497048],[80.846081,28.495407],[80.845256,28.499657],[80.838075,28.505291],[80.831708,28.511682],[80.817182,28.5206],[80.801469,28.521063],[80.790708,28.524307],[80.786253,28.529223],[80.791242,28.543314],[80.784426,28.54673],[80.771236,28.549649],[80.769675,28.565563],[80.740106,28.57416],[80.740456,28.565824],[80.726222,28.574746],[80.716323,28.567829],[80.705612,28.578715],[80.691968,28.587023],[80.697412,28.60332],[80.679084,28.604294],[80.681252,28.620412],[80.67245,28.628292],[80.669302,28.641842],[80.652923,28.633866],[80.6432,28.643222],[80.63496,28.637268],[80.613257,28.63925],[80.607934,28.652318],[80.591402,28.647689],[80.599276,28.655911],[80.581868,28.661235],[80.592093,28.679683],[80.569571,28.688044],[80.55177,28.691531],[80.541527,28.690594],[80.507832,28.670947],[80.505206,28.665168],[80.512978,28.626177],[80.513008,28.6237],[80.516498,28.615873],[80.523205,28.577152],[80.527292,28.5732],[80.531572,28.57483],[80.532401,28.572211],[80.524458,28.552756],[80.521588,28.554226],[80.520603,28.552219],[80.519312,28.551759],[80.516923,28.55728],[80.508115,28.568013],[80.50587,28.569252],[80.501472,28.569649],[80.496637,28.575271],[80.490421,28.579654],[80.48541,28.582018],[80.482792,28.585313],[80.480265,28.585281],[80.477106,28.583028],[80.472251,28.582527],[80.470238,28.582975],[80.470144,28.583929],[80.472667,28.584536],[80.473338,28.590525],[80.470543,28.59464],[80.467864,28.600708],[80.464215,28.612506],[80.462699,28.612861],[80.46198,28.613736],[80.463546,28.615351],[80.465476,28.614291],[80.466012,28.614887],[80.464614,28.616982],[80.461305,28.617501],[80.461515,28.618228],[80.463393,28.618583],[80.462226,28.621577],[80.457933,28.623545],[80.455558,28.626827],[80.453304,28.62858],[80.450983,28.629022],[80.444281,28.62844],[80.441612,28.630926],[80.441162,28.632867],[80.439727,28.634984],[80.434081,28.637226],[80.427975,28.637602],[80.425674,28.637059],[80.421693,28.637832],[80.420102,28.638978],[80.417108,28.639198],[80.406289,28.634815],[80.388706,28.630581],[80.387802,28.62962],[80.384568,28.630589],[80.380437,28.629535],[80.378038,28.628281],[80.376996,28.628407],[80.376695,28.629542],[80.375959,28.629954],[80.373908,28.628968],[80.372994,28.629065],[80.372452,28.630019],[80.3726,28.632312],[80.369945,28.634818],[80.368334,28.635331],[80.363083,28.635142],[80.360483,28.637539],[80.358979,28.640287],[80.358931,28.641505],[80.359992,28.643317],[80.362303,28.644557],[80.361639,28.645689],[80.357359,28.646734],[80.35612,28.647709],[80.355046,28.650256],[80.349004,28.654292],[80.338954,28.660651],[80.327594,28.666305],[80.327639,28.669779],[80.322928,28.681233],[80.324347,28.685684],[80.3236,28.691377],[80.321977,28.69566],[80.318974,28.699794],[80.309585,28.704617],[80.300604,28.706378],[80.298571,28.709688],[80.295342,28.71128],[80.29298,28.711563],[80.279262,28.70993],[80.276463,28.711476],[80.268068,28.721335],[80.266089,28.722364],[80.263658,28.724893],[80.257887,28.72934],[80.261496,28.731133],[80.264692,28.734248],[80.266223,28.737803],[80.266777,28.742995],[80.26534,28.746993],[80.262626,28.750324],[80.257654,28.754464],[80.251829,28.757902],[80.247554,28.756003],[80.245912,28.755868],[80.238878,28.757026],[80.235848,28.759276],[80.227659,28.757314],[80.222811,28.756842],[80.217738,28.755342],[80.17262,28.782321],[80.14014,28.813821],[80.119788,28.828764],[80.076651,28.824327],[80.066413,28.837319],[80.060148,28.916377],[80.097735,28.975265],[80.101919,28.98643],[80.119614,28.98165],[80.128484,29.006001],[80.137266,29.007253],[80.137955,29.009557],[80.126247,29.013034],[80.133031,29.030367],[80.128118,29.031687],[80.138158,29.058865],[80.130173,29.061038],[80.146332,29.103367],[80.151658,29.106078],[80.155096,29.109349],[80.165598,29.116949],[80.167312,29.119315],[80.168219,29.124558],[80.169456,29.125735],[80.172725,29.126939],[80.176586,29.126719],[80.17978,29.128514],[80.183167,29.135373],[80.185139,29.137072],[80.186267,29.137291],[80.188202,29.136608],[80.192575,29.133449],[80.198293,29.130729],[80.202015,29.130424],[80.205116,29.129319],[80.207489,29.124999],[80.211394,29.121824],[80.214731,29.121938],[80.234969,29.118445],[80.236865,29.119054],[80.239386,29.120873],[80.242173,29.124268],[80.246009,29.127074],[80.248007,29.127019],[80.250497,29.128951],[80.252038,29.131096],[80.253802,29.135881],[80.255767,29.137936],[80.257815,29.139102],[80.260922,29.139914],[80.270773,29.140538],[80.273347,29.142066],[80.274512,29.143956],[80.273529,29.146669],[80.267325,29.153477],[80.260036,29.165759],[80.260078,29.170445],[80.261612,29.172289],[80.262323,29.174649],[80.259608,29.18733],[80.255165,29.191417],[80.251767,29.195617],[80.243575,29.200376],[80.242483,29.202441],[80.242722,29.204172],[80.2458,29.209538],[80.246146,29.212416],[80.248784,29.215285],[80.248686,29.219266],[80.25,29.220995],[80.254381,29.221436],[80.25589,29.220953],[80.257697,29.219422],[80.25889,29.217245],[80.259516,29.210695],[80.260612,29.208567],[80.262498,29.206696],[80.265784,29.20609],[80.276682,29.207047],[80.279436,29.20518],[80.282781,29.201677],[80.286153,29.196802],[80.288924,29.195174],[80.291799,29.195291],[80.294951,29.197255],[80.29897,29.205065],[80.299038,29.206453],[80.295705,29.211161],[80.297739,29.221382],[80.292567,29.229704],[80.29238,29.231564],[80.297185,29.237484],[80.300817,29.240043],[80.302039,29.242098],[80.302035,29.245468],[80.30025,29.249623],[80.300456,29.252061],[80.30189,29.254985],[80.300861,29.260542],[80.301264,29.262785],[80.303323,29.264514],[80.30569,29.272815],[80.306238,29.276564],[80.305981,29.285273],[80.307807,29.288973],[80.309035,29.28983],[80.311496,29.290034],[80.313078,29.29157],[80.315935,29.295873],[80.317935,29.300131],[80.319644,29.301628],[80.32018,29.303889],[80.317616,29.308203],[80.318687,29.312885],[80.318609,29.314757],[80.310091,29.322807],[80.304997,29.323128],[80.301641,29.32394],[80.299064,29.323677],[80.297892,29.32421],[80.29258,29.330653],[80.292279,29.332603],[80.29297,29.33475],[80.292207,29.336697],[80.286316,29.340607],[80.281823,29.346242],[80.280856,29.348978],[80.281459,29.354197],[80.281025,29.35943],[80.274477,29.362427],[80.272968,29.363713],[80.272808,29.364504],[80.273584,29.370186],[80.272986,29.373659],[80.275988,29.376545],[80.280607,29.378544],[80.27979,29.380439],[80.276777,29.382854],[80.274617,29.386181],[80.274969,29.388581],[80.277255,29.391217],[80.27634,29.39301],[80.273446,29.395187],[80.265799,29.397193],[80.262393,29.399721],[80.25884,29.40119],[80.255665,29.404031],[80.247658,29.407383],[80.243327,29.411586],[80.244663,29.413475],[80.246702,29.414551],[80.247643,29.416088],[80.24582,29.419924],[80.24567,29.423458],[80.248321,29.429793],[80.249154,29.434693],[80.248551,29.437733],[80.244703,29.441122],[80.24464,29.443768],[80.245461,29.445478],[80.246904,29.446481],[80.253102,29.447],[80.257319,29.448046],[80.258661,29.451178],[80.259817,29.451786],[80.260979,29.451689],[80.263612,29.449987],[80.268595,29.448532],[80.271464,29.450664],[80.275968,29.449518],[80.27667,29.451008],[80.275733,29.452616],[80.273642,29.45362],[80.271616,29.453816],[80.270862,29.455035],[80.27296,29.456871],[80.277899,29.458538],[80.28079,29.458506],[80.282175,29.457598],[80.282279,29.456766],[80.280672,29.45392],[80.282172,29.450909],[80.287733,29.451657],[80.289161,29.450205],[80.290035,29.450074],[80.294471,29.453226],[80.296138,29.453761],[80.297919,29.453292],[80.298681,29.451049],[80.299334,29.450805],[80.301112,29.451087],[80.304189,29.453093],[80.304512,29.454459],[80.30327,29.45665],[80.29821,29.460417],[80.296292,29.463676],[80.293709,29.466523],[80.292078,29.47006],[80.289162,29.472808],[80.288298,29.475041],[80.288327,29.476871],[80.290319,29.478208],[80.293081,29.478069],[80.294721,29.478878],[80.298001,29.483437],[80.297741,29.488051],[80.300771,29.490582],[80.302529,29.490573],[80.304851,29.486967],[80.306195,29.485999],[80.314755,29.484514],[80.315875,29.486487],[80.316338,29.489857],[80.31612,29.492602],[80.314547,29.496606],[80.315552,29.499048],[80.323274,29.502825],[80.330405,29.505334],[80.332115,29.507294],[80.333072,29.51151],[80.334016,29.512913],[80.336647,29.512872],[80.340401,29.510468],[80.342974,29.509958],[80.347042,29.513664],[80.351347,29.518907],[80.351575,29.519885],[80.350167,29.52291],[80.350206,29.524135],[80.352687,29.525897],[80.357168,29.527789],[80.359318,29.530867],[80.359692,29.532525],[80.358233,29.534562],[80.353325,29.536839],[80.350255,29.540471],[80.348313,29.541026],[80.345934,29.540006],[80.343532,29.540316],[80.343269,29.542765],[80.346216,29.546346],[80.347356,29.548598],[80.346764,29.549793],[80.344411,29.551785],[80.344389,29.552915],[80.350576,29.555314],[80.358935,29.555059],[80.3613,29.555959],[80.365728,29.556612],[80.365872,29.558241],[80.364182,29.560225],[80.36402,29.561541],[80.364058,29.562739],[80.365343,29.564065],[80.369815,29.562686],[80.373631,29.562907],[80.377627,29.561265],[80.380534,29.561324],[80.380892,29.564118],[80.380345,29.568857],[80.380811,29.571479],[80.385058,29.571248],[80.38964,29.571754],[80.391925,29.574602],[80.392585,29.580594],[80.393149,29.58161],[80.398199,29.584658],[80.399773,29.586943],[80.404914,29.58957],[80.409698,29.595377],[80.410643,29.604738],[80.409591,29.607571],[80.409686,29.609787],[80.407419,29.612833],[80.409887,29.61512],[80.409751,29.620017],[80.41237,29.625],[80.414811,29.626051],[80.419789,29.626371],[80.422652,29.629778],[80.422797,29.631583],[80.42112,29.634023],[80.421944,29.639132],[80.417614,29.641621],[80.415743,29.644338],[80.416262,29.64834],[80.418249,29.650958],[80.416229,29.653975],[80.411767,29.653695],[80.411023,29.654554],[80.410847,29.656502],[80.408813,29.659116],[80.40738,29.659999],[80.402104,29.658398],[80.39982,29.658846],[80.39942,29.659776],[80.401002,29.661547],[80.400669,29.662391],[80.398431,29.663313],[80.392582,29.664161],[80.391523,29.665546],[80.391035,29.667409],[80.391789,29.671067],[80.387078,29.67345],[80.386211,29.674398],[80.385045,29.679481],[80.38695,29.68508],[80.382089,29.688554],[80.381888,29.69421],[80.381014,29.699345],[80.381582,29.70103],[80.378844,29.702454],[80.375931,29.710189],[80.376182,29.71287],[80.373728,29.715306],[80.374039,29.716261],[80.377075,29.718182],[80.377072,29.720273],[80.37482,29.72165],[80.370153,29.721695],[80.368679,29.723057],[80.367767,29.724849],[80.367851,29.72992],[80.368537,29.73127],[80.371185,29.733493],[80.371385,29.734426],[80.365886,29.739775],[80.366785,29.742147],[80.366762,29.745727],[80.367495,29.747772],[80.369083,29.750078],[80.370449,29.750992],[80.374071,29.749161],[80.380338,29.749743],[80.3829,29.750651],[80.387494,29.75042],[80.388102,29.751383],[80.386566,29.756199],[80.386874,29.75854],[80.387929,29.759307],[80.391851,29.760376],[80.392724,29.760362],[80.396155,29.758312],[80.397714,29.758301],[80.399246,29.759287],[80.399292,29.76032],[80.397986,29.763161],[80.398068,29.765103],[80.400243,29.768213],[80.401602,29.77384],[80.405564,29.777032],[80.406346,29.778395],[80.40538,29.781765],[80.408838,29.78401],[80.407918,29.788449],[80.4082,29.790045],[80.409344,29.791647],[80.4086,29.794455],[80.409629,29.79455],[80.412535,29.791896],[80.414842,29.791852],[80.415722,29.792565],[80.416086,29.79438],[80.417679,29.795711],[80.423676,29.796062],[80.43064,29.798107],[80.43183,29.799],[80.43234,29.800778],[80.434563,29.802982],[80.436459,29.80602],[80.438989,29.805412],[80.44208,29.801164],[80.445875,29.799132],[80.450772,29.799207],[80.455942,29.802438],[80.465664,29.802277],[80.478183,29.797958],[80.481283,29.795703],[80.484574,29.796406],[80.495069,29.79554],[80.496081,29.796829],[80.49625,29.798409],[80.494433,29.802047],[80.496657,29.8022],[80.497206,29.804778],[80.50058,29.806963],[80.501999,29.808712],[80.501947,29.809168],[80.499226,29.810353],[80.499116,29.811584],[80.501462,29.814065],[80.502993,29.817477],[80.506824,29.819335],[80.50899,29.823105],[80.515347,29.825213],[80.518986,29.825138],[80.523483,29.827049],[80.525648,29.829191],[80.525527,29.832094],[80.529895,29.833548],[80.530119,29.834544],[80.532912,29.838222],[80.533659,29.838691],[80.536665,29.838192],[80.537556,29.838673],[80.538367,29.842556],[80.540628,29.847159],[80.541405,29.847374],[80.545401,29.846282],[80.55023,29.850097],[80.553021,29.849843],[80.554433,29.850407],[80.555241,29.853042],[80.553227,29.855221],[80.553257,29.856518],[80.556132,29.859584],[80.555992,29.861201],[80.556521,29.862051],[80.563306,29.866412],[80.562256,29.867511],[80.559197,29.868577],[80.558463,29.869599],[80.558625,29.870623],[80.561579,29.874339],[80.564243,29.87585],[80.567655,29.879223],[80.571988,29.891429],[80.574372,29.895267],[80.572766,29.90239],[80.57306,29.904739],[80.571429,29.909017],[80.572744,29.91515],[80.574818,29.918978],[80.575985,29.923477],[80.579951,29.928207],[80.580544,29.931996],[80.583104,29.936326],[80.590043,29.944348],[80.59217,29.948438],[80.597118,29.953057],[80.605664,29.958891],[80.610431,29.958619],[80.618008,29.96114],[80.620147,29.962759],[80.623163,29.963991],[80.626912,29.963758],[80.628797,29.964728],[80.631555,29.965158],[80.634875,29.964736],[80.639673,29.962868],[80.640924,29.962112],[80.642432,29.959729],[80.65034,29.955927],[80.658534,29.955211],[80.660557,29.956148],[80.6631,29.955992],[80.670789,29.95743],[80.674898,29.956897],[80.679666,29.958907],[80.680869,29.960552],[80.684359,29.962958],[80.685436,29.966942],[80.688715,29.969715],[80.689442,29.971434],[80.69177,29.974184],[80.697838,29.978121],[80.698786,29.979513],[80.702241,29.980001],[80.706287,29.98573],[80.707779,29.986636],[80.709669,29.986931],[80.711083,29.989165],[80.714064,29.990189],[80.716698,29.993736],[80.717854,29.996421],[80.721099,30.000183],[80.722713,30.000676],[80.727278,29.999849],[80.72958,30.00044],[80.736642,29.999433],[80.739821,29.999531],[80.742019,30.00086],[80.743659,30.003006],[80.74594,30.003658],[80.749407,30.006581],[80.753276,30.012609],[80.755926,30.020423],[80.759273,30.023914],[80.759984,30.027599],[80.757234,30.03169],[80.75779,30.034258],[80.757443,30.039621],[80.761105,30.043542],[80.760135,30.045067],[80.762484,30.047381],[80.762953,30.04952],[80.767322,30.051973],[80.772871,30.053192],[80.77431,30.054065],[80.777841,30.05436],[80.781191,30.056675],[80.783784,30.060316],[80.785679,30.061602],[80.787936,30.066223],[80.790828,30.06933],[80.790753,30.071806],[80.791576,30.07312],[80.793438,30.073613],[80.79675,30.077852],[80.801226,30.080901],[80.803396,30.085626],[80.807536,30.089667],[80.811418,30.09085],[80.814033,30.092765],[80.815702,30.092981],[80.816067,30.095258],[80.817172,30.096376],[80.818911,30.097096],[80.821196,30.097069],[80.822195,30.099072],[80.823477,30.099822],[80.826237,30.099598],[80.827994,30.100058],[80.829632,30.09783],[80.831795,30.097174],[80.835187,30.097882],[80.838229,30.097258],[80.842461,30.099434],[80.844269,30.101132],[80.846992,30.102344],[80.847639,30.104713],[80.847864,30.10664],[80.843587,30.11044],[80.844829,30.11394],[80.84604,30.115548],[80.848815,30.117094],[80.855968,30.118859],[80.85674,30.120267],[80.861063,30.121373],[80.864264,30.120948],[80.870218,30.125616],[80.875756,30.126246],[80.879269,30.128528],[80.880425,30.13209],[80.879173,30.135207],[80.877906,30.13655],[80.878344,30.137712],[80.877779,30.138841],[80.877812,30.141088],[80.875311,30.144234],[80.874973,30.14769],[80.874127,30.148774],[80.873913,30.150592],[80.872661,30.153266],[80.873258,30.154428],[80.87318,30.160694],[80.87015,30.164023],[80.868704,30.16662],[80.86566,30.16712],[80.86462,30.168953],[80.860706,30.172164],[80.855452,30.178617],[80.855395,30.179759],[80.85393,30.182272],[80.84997,30.185451],[80.849494,30.187031],[80.848428,30.188097],[80.841641,30.193221],[80.838339,30.199913],[80.834651,30.203113],[80.834151,30.205285],[80.83151,30.207319],[80.829155,30.208033],[80.826728,30.214101],[80.824872,30.216528],[80.820981,30.223952],[80.818376,30.225486],[80.815128,30.225379],[80.813785,30.226053],[80.811739,30.229336],[80.806813,30.231121],[80.799604,30.237307],[80.796748,30.239092],[80.795202,30.241995],[80.790347,30.246659],[80.789848,30.248467],[80.788277,30.250109],[80.787563,30.253559],[80.783161,30.261673],[80.780996,30.262982],[80.780568,30.264029],[80.778069,30.265385],[80.778141,30.267146],[80.772454,30.27426],[80.768813,30.277687],[80.76346,30.2789],[80.762984,30.282803],[80.761437,30.286191],[80.761294,30.287714],[80.762341,30.293901],[80.762103,30.295423],[80.761443,30.296404],[80.76043,30.302476],[80.757646,30.306188],[80.755885,30.30764],[80.753386,30.307973],[80.75115,30.307901],[80.744344,30.306212],[80.738134,30.308377],[80.735731,30.310995],[80.735564,30.315872],[80.734755,30.31711],[80.719432,30.325271],[80.718718,30.326985],[80.716862,30.329078],[80.708653,30.330744],[80.705535,30.333266],[80.70249,30.334432],[80.69509,30.332695],[80.689403,30.332362],[80.686952,30.33279],[80.679457,30.33793],[80.675768,30.338358],[80.673746,30.340262],[80.668701,30.342951],[80.664514,30.349233],[80.664299,30.350398],[80.66123,30.353563],[80.66104,30.361201],[80.659802,30.363152],[80.658541,30.371528],[80.655937,30.378863],[80.653873,30.380885],[80.65094,30.382194],[80.648745,30.38518],[80.640452,30.388732],[80.638501,30.392438],[80.637115,30.396863],[80.63586,30.398053],[80.635705,30.401765],[80.634462,30.404269],[80.632951,30.405804],[80.630173,30.407232],[80.628769,30.409183],[80.628763,30.412984],[80.630542,30.416208],[80.630411,30.417047],[80.624873,30.421468],[80.623885,30.425073],[80.623995,30.431545],[80.622353,30.433901],[80.616642,30.439397],[80.61343,30.44418],[80.607505,30.446536],[80.599439,30.448177],[80.594577,30.447668],[80.59077,30.445336],[80.585116,30.445147],[80.569699,30.441244],[80.564464,30.436771],[80.559553,30.429775],[80.55427,30.426634],[80.549997,30.431441],[80.548379,30.435533],[80.548379,30.440768],[80.549616,30.443338]]]}}]}
